areaType,areaName,areaCode,date,newCasesBySpecimenDate,cumCasesBySpecimenDate,newFirstEpisodesBySpecimenDate,cumFirstEpisodesBySpecimenDate,newReinfectionsBySpecimenDate,cumReinfectionsBySpecimenDate
overview,United Kingdom,K02000001,2022-05-19,6818,22243056,5622,21054108,1196,1188948
overview,United Kingdom,K02000001,2022-05-18,7634,22236238,6364,21048486,1270,1187752
overview,United Kingdom,K02000001,2022-05-17,8283,22228604,6899,21042122,1384,1186482
overview,United Kingdom,K02000001,2022-05-16,9416,22220321,7741,21035223,1675,1185098
overview,United Kingdom,K02000001,2022-05-15,7969,22210905,6683,21027482,1286,1183423
overview,United Kingdom,K02000001,2022-05-14,6116,22202936,5155,21020799,961,1182137
overview,United Kingdom,K02000001,2022-05-13,6934,22196820,5883,21015644,1051,1181176
overview,United Kingdom,K02000001,2022-05-12,7633,22189886,6428,21009761,1205,1180125
overview,United Kingdom,K02000001,2022-05-11,8720,22182253,7302,21003333,1418,1178920
overview,United Kingdom,K02000001,2022-05-10,9742,22173533,8133,20996031,1609,1177502
overview,United Kingdom,K02000001,2022-05-09,10693,22163791,8900,20987898,1793,1175893
overview,United Kingdom,K02000001,2022-05-08,9059,22153098,7601,20978998,1458,1174100
overview,United Kingdom,K02000001,2022-05-07,7516,22144039,6437,20971397,1079,1172642
overview,United Kingdom,K02000001,2022-05-06,8940,22136523,7591,20964960,1349,1171563
overview,United Kingdom,K02000001,2022-05-05,10209,22127583,8595,20957369,1614,1170214
overview,United Kingdom,K02000001,2022-05-04,11663,22117374,9845,20948774,1818,1168600
overview,United Kingdom,K02000001,2022-05-03,13308,22105711,11156,20938929,2152,1166782
overview,United Kingdom,K02000001,2022-05-02,11886,22092403,10056,20927773,1830,1164630
overview,United Kingdom,K02000001,2022-05-01,9026,22080517,7772,20917717,1254,1162800
overview,United Kingdom,K02000001,2022-04-30,8355,22071491,7239,20909945,1116,1161546
overview,United Kingdom,K02000001,2022-04-29,10005,22063136,8624,20902706,1381,1160430
overview,United Kingdom,K02000001,2022-04-28,11599,22053131,9905,20894082,1694,1159049
overview,United Kingdom,K02000001,2022-04-27,13047,22041532,11142,20884177,1905,1157355
overview,United Kingdom,K02000001,2022-04-26,14560,22028485,12462,20873035,2098,1155450
overview,United Kingdom,K02000001,2022-04-25,17121,22013925,14452,20860573,2669,1153352
overview,United Kingdom,K02000001,2022-04-24,14716,21996804,12702,20846121,2014,1150683
overview,United Kingdom,K02000001,2022-04-23,13205,21982088,11608,20833419,1597,1148669
overview,United Kingdom,K02000001,2022-04-22,15695,21968883,13593,20821811,2102,1147072
overview,United Kingdom,K02000001,2022-04-21,18460,21953188,16018,20808218,2442,1144970
overview,United Kingdom,K02000001,2022-04-20,21445,21934728,18666,20792200,2779,1142528
overview,United Kingdom,K02000001,2022-04-19,25764,21913283,22230,20773534,3534,1139749
overview,United Kingdom,K02000001,2022-04-18,25213,21887519,21958,20751304,3255,1136215
overview,United Kingdom,K02000001,2022-04-17,20144,21862306,17845,20729346,2299,1132960
overview,United Kingdom,K02000001,2022-04-16,19917,21842162,17790,20711501,2127,1130661
overview,United Kingdom,K02000001,2022-04-15,21610,21822245,19215,20693711,2395,1128534
overview,United Kingdom,K02000001,2022-04-14,26638,21800635,23602,20674496,3036,1126139
overview,United Kingdom,K02000001,2022-04-13,31684,21773997,28121,20650894,3563,1123103
overview,United Kingdom,K02000001,2022-04-12,33767,21742313,29813,20622773,3954,1119540
overview,United Kingdom,K02000001,2022-04-11,37367,21708546,32867,20592960,4500,1115586
overview,United Kingdom,K02000001,2022-04-10,30946,21671179,27578,20560093,3368,1111086
overview,United Kingdom,K02000001,2022-04-09,27877,21640233,24833,20532515,3044,1107718
overview,United Kingdom,K02000001,2022-04-08,32980,21612356,29249,20507682,3731,1104674
overview,United Kingdom,K02000001,2022-04-07,38703,21579376,34159,20478433,4544,1100943
overview,United Kingdom,K02000001,2022-04-06,44742,21540673,39525,20444274,5217,1096399
overview,United Kingdom,K02000001,2022-04-05,49096,21495931,43473,20404749,5623,1091182
overview,United Kingdom,K02000001,2022-04-04,53760,21446835,47406,20361276,6354,1085559
overview,United Kingdom,K02000001,2022-04-03,42191,21393075,37606,20313870,4585,1079205
overview,United Kingdom,K02000001,2022-04-02,37601,21350884,33604,20276264,3997,1074620
overview,United Kingdom,K02000001,2022-04-01,47494,21313283,42289,20242660,5205,1070623
overview,United Kingdom,K02000001,2022-03-31,54808,21265789,48611,20200371,6197,1065418
overview,United Kingdom,K02000001,2022-03-30,73681,21210981,65007,20151760,8674,1059221
overview,United Kingdom,K02000001,2022-03-29,80166,21137300,70650,20086753,9516,1050547
overview,United Kingdom,K02000001,2022-03-28,92915,21057134,81541,20016103,11374,1041031
overview,United Kingdom,K02000001,2022-03-27,68348,20964219,60611,19934562,7737,1029657
overview,United Kingdom,K02000001,2022-03-26,61460,20895871,54969,19873951,6491,1021920
overview,United Kingdom,K02000001,2022-03-25,72454,20834411,64443,19818982,8011,1015429
overview,United Kingdom,K02000001,2022-03-24,82926,20761957,73646,19754539,9280,1007418
overview,United Kingdom,K02000001,2022-03-23,94211,20679031,83474,19680893,10737,998138
overview,United Kingdom,K02000001,2022-03-22,99132,20584820,87783,19597419,11349,987401
overview,United Kingdom,K02000001,2022-03-21,109325,20485688,96431,19509636,12894,976052
overview,United Kingdom,K02000001,2022-03-20,81076,20376363,72209,19413205,8867,963158
overview,United Kingdom,K02000001,2022-03-19,67435,20295287,60615,19340996,6820,954291
overview,United Kingdom,K02000001,2022-03-18,75305,20227852,67412,19280381,7893,947471
overview,United Kingdom,K02000001,2022-03-17,82884,20152547,73952,19212969,8932,939578
overview,United Kingdom,K02000001,2022-03-16,91795,20069663,81913,19139017,9882,930646
overview,United Kingdom,K02000001,2022-03-15,93702,19977868,83676,19057104,10026,920764
overview,United Kingdom,K02000001,2022-03-14,99866,19884166,88979,18973428,10887,910738
overview,United Kingdom,K02000001,2022-03-13,75753,19784300,67836,18884449,7917,899851
overview,United Kingdom,K02000001,2022-03-12,62078,19708547,55921,18816613,6157,891934
overview,United Kingdom,K02000001,2022-03-11,67060,19646469,60393,18760692,6667,885777
overview,United Kingdom,K02000001,2022-03-10,70530,19579409,63284,18700299,7246,879110
overview,United Kingdom,K02000001,2022-03-09,73555,19508879,66053,18637015,7502,871864
overview,United Kingdom,K02000001,2022-03-08,70129,19435324,62969,18570962,7160,864362
overview,United Kingdom,K02000001,2022-03-07,68546,19365195,61154,18507993,7392,857202
overview,United Kingdom,K02000001,2022-03-06,49029,19296649,44200,18446839,4829,849810
overview,United Kingdom,K02000001,2022-03-05,38755,19247620,35193,18402639,3562,844981
overview,United Kingdom,K02000001,2022-03-04,41406,19208865,37419,18367446,3987,841419
overview,United Kingdom,K02000001,2022-03-03,43760,19167459,39530,18330027,4230,837432
overview,United Kingdom,K02000001,2022-03-02,46170,19123699,41612,18290497,4558,833202
overview,United Kingdom,K02000001,2022-03-01,44793,19077529,40543,18248885,4250,828644
overview,United Kingdom,K02000001,2022-02-28,44640,19032736,40327,18208342,4313,824394
overview,United Kingdom,K02000001,2022-02-27,31364,18988096,28537,18168015,2827,820081
overview,United Kingdom,K02000001,2022-02-26,25096,18956732,22959,18139478,2137,817254
overview,United Kingdom,K02000001,2022-02-25,27841,18931636,25293,18116519,2548,815117
overview,United Kingdom,K02000001,2022-02-24,30631,18903795,27738,18091226,2893,812569
overview,United Kingdom,K02000001,2022-02-23,36476,18873164,33036,18063488,3440,809676
overview,United Kingdom,K02000001,2022-02-22,39183,18836688,35420,18030452,3763,806236
overview,United Kingdom,K02000001,2022-02-21,45124,18797505,40834,17995032,4290,802473
overview,United Kingdom,K02000001,2022-02-20,37715,18752381,34343,17954198,3372,798183
overview,United Kingdom,K02000001,2022-02-19,34648,18714666,31612,17919855,3036,794811
overview,United Kingdom,K02000001,2022-02-18,33238,18680018,30223,17888243,3015,791775
overview,United Kingdom,K02000001,2022-02-17,44715,18646780,40443,17858020,4272,788760
overview,United Kingdom,K02000001,2022-02-16,51568,18602065,46725,17817577,4843,784488
overview,United Kingdom,K02000001,2022-02-15,52496,18550497,47525,17770852,4971,779645
overview,United Kingdom,K02000001,2022-02-14,54743,18498001,49544,17723327,5199,774674
overview,United Kingdom,K02000001,2022-02-13,41750,18443258,37957,17673783,3793,769475
overview,United Kingdom,K02000001,2022-02-12,37433,18401508,34169,17635826,3264,765682
overview,United Kingdom,K02000001,2022-02-11,44558,18364075,40499,17601657,4059,762418
overview,United Kingdom,K02000001,2022-02-10,52292,18319517,47152,17561158,5140,758359
overview,United Kingdom,K02000001,2022-02-09,64330,18267225,57975,17514006,6355,753219
overview,United Kingdom,K02000001,2022-02-08,69652,18202895,62792,17456031,6860,746864
overview,United Kingdom,K02000001,2022-02-07,76476,18133243,68675,17393239,7801,740004
overview,United Kingdom,K02000001,2022-02-06,60540,18056767,54626,17324564,5914,732203
overview,United Kingdom,K02000001,2022-02-05,52302,17996227,47537,17269938,4765,726289
overview,United Kingdom,K02000001,2022-02-04,63186,17943925,57310,17222401,5876,721524
overview,United Kingdom,K02000001,2022-02-03,76641,17880739,69106,17165091,7535,715648
overview,United Kingdom,K02000001,2022-02-02,88415,17804098,79737,17095985,8678,708113
overview,United Kingdom,K02000001,2022-02-01,93774,17715683,84215,17016248,9559,699435
overview,United Kingdom,K02000001,2022-01-31,104957,17621909,94220,16932033,10737,689876
overview,United Kingdom,K02000001,2022-01-30,87563,17516952,78997,16837813,8566,679139
overview,United Kingdom,K02000001,2022-01-29,73505,17429389,66855,16758816,6650,670573
overview,United Kingdom,K02000001,2022-01-28,84025,17355884,76116,16691961,7909,663923
overview,United Kingdom,K02000001,2022-01-27,96199,17271859,86831,16615845,9368,656014
overview,United Kingdom,K02000001,2022-01-26,108667,17175660,97941,16529014,10726,646646
overview,United Kingdom,K02000001,2022-01-25,113202,17066993,101978,16431073,11224,635920
overview,United Kingdom,K02000001,2022-01-24,127362,16953791,114714,16329095,12648,624696
overview,United Kingdom,K02000001,2022-01-23,102365,16826429,92619,16214381,9746,612048
overview,United Kingdom,K02000001,2022-01-22,81730,16724064,74550,16121762,7180,602302
overview,United Kingdom,K02000001,2022-01-21,91572,16642334,83166,16047212,8406,595122
overview,United Kingdom,K02000001,2022-01-20,100322,16550762,91040,15964046,9282,586716
overview,United Kingdom,K02000001,2022-01-19,111759,16450440,101248,15873006,10511,577434
overview,United Kingdom,K02000001,2022-01-18,118759,16338681,107515,15771758,11244,566923
overview,United Kingdom,K02000001,2022-01-17,131513,16219922,118980,15664243,12533,555679
overview,United Kingdom,K02000001,2022-01-16,98095,16088409,89145,15545263,8950,543146
overview,United Kingdom,K02000001,2022-01-15,77946,15990314,71309,15456118,6637,534196
overview,United Kingdom,K02000001,2022-01-14,86323,15912368,78643,15384809,7680,527559
overview,United Kingdom,K02000001,2022-01-13,96412,15826045,87551,15306166,8861,519879
overview,United Kingdom,K02000001,2022-01-12,103215,15729633,93479,15218615,9736,511018
overview,United Kingdom,K02000001,2022-01-11,115234,15626418,104440,15125136,10794,501282
overview,United Kingdom,K02000001,2022-01-10,132831,15511184,120308,15020696,12523,490488
overview,United Kingdom,K02000001,2022-01-09,95788,15378353,86985,14900388,8803,477965
overview,United Kingdom,K02000001,2022-01-08,93615,15282565,84989,14813403,8626,469162
overview,United Kingdom,K02000001,2022-01-07,120288,15188950,108580,14728414,11708,460536
overview,United Kingdom,K02000001,2022-01-06,172980,15068662,154999,14619834,17981,448828
overview,United Kingdom,K02000001,2022-01-05,222160,14895682,199359,14464835,22801,430847
overview,United Kingdom,K02000001,2022-01-04,275648,14673522,247299,14265476,28349,408046
overview,United Kingdom,K02000001,2022-01-03,229899,14397874,206355,14018177,23544,379697
overview,United Kingdom,K02000001,2022-01-02,181069,14167975,163342,13811822,17727,356153
overview,United Kingdom,K02000001,2022-01-01,118213,13986906,107610,13648480,10603,338426
overview,United Kingdom,K02000001,2021-12-31,188563,13868693,171323,13540870,17240,327823
overview,United Kingdom,K02000001,2021-12-30,236573,13680130,214652,13369547,21921,310583
overview,United Kingdom,K02000001,2021-12-29,272788,13443557,248861,13154895,23927,288662
overview,United Kingdom,K02000001,2021-12-28,212462,13170769,194089,12906034,18373,264735
overview,United Kingdom,K02000001,2021-12-27,195006,12958307,178953,12711945,16053,246362
overview,United Kingdom,K02000001,2021-12-26,116276,12763301,107297,12532992,8979,230309
overview,United Kingdom,K02000001,2021-12-25,70361,12647025,65267,12425695,5094,221330
overview,United Kingdom,K02000001,2021-12-24,137268,12576664,126193,12360428,11075,216236
overview,United Kingdom,K02000001,2021-12-23,160632,12439396,147065,12234235,13567,205161
overview,United Kingdom,K02000001,2021-12-22,161559,12278764,147982,12087170,13577,191594
overview,United Kingdom,K02000001,2021-12-21,150292,12117205,138175,11939188,12117,178017
overview,United Kingdom,K02000001,2021-12-20,133966,11966913,123736,11801013,10230,165900
overview,United Kingdom,K02000001,2021-12-19,89129,11832947,82728,11677277,6401,155670
overview,United Kingdom,K02000001,2021-12-18,88883,11743818,82660,11594549,6223,149269
overview,United Kingdom,K02000001,2021-12-17,95877,11654935,89016,11511889,6861,143046
overview,United Kingdom,K02000001,2021-12-16,106046,11559058,98510,11422873,7536,136185
overview,United Kingdom,K02000001,2021-12-15,112700,11453012,105036,11324363,7664,128649
overview,United Kingdom,K02000001,2021-12-14,102782,11340312,96329,11219327,6453,120985
overview,United Kingdom,K02000001,2021-12-13,87170,11237530,82825,11122998,4345,114532
overview,United Kingdom,K02000001,2021-12-12,53156,11150360,51121,11040173,2035,110187
overview,United Kingdom,K02000001,2021-12-11,48594,11097204,47010,10989052,1584,108152
overview,United Kingdom,K02000001,2021-12-10,52490,11048610,50847,10942042,1643,106568
overview,United Kingdom,K02000001,2021-12-09,56993,10996120,55240,10891195,1753,104925
overview,United Kingdom,K02000001,2021-12-08,58823,10939127,57185,10835955,1638,103172
overview,United Kingdom,K02000001,2021-12-07,56252,10880304,54826,10778770,1426,101534
overview,United Kingdom,K02000001,2021-12-06,59690,10824052,58417,10723944,1273,100108
overview,United Kingdom,K02000001,2021-12-05,41043,10764362,40365,10665527,678,98835
overview,United Kingdom,K02000001,2021-12-04,38782,10723319,38139,10625162,643,98157
overview,United Kingdom,K02000001,2021-12-03,45667,10684537,44985,10587023,682,97514
overview,United Kingdom,K02000001,2021-12-02,50320,10638870,49566,10542038,754,96832
overview,United Kingdom,K02000001,2021-12-01,54820,10588550,54015,10492472,805,96078
overview,United Kingdom,K02000001,2021-11-30,55694,10533730,54896,10438457,798,95273
overview,United Kingdom,K02000001,2021-11-29,56290,10478036,55433,10383561,857,94475
overview,United Kingdom,K02000001,2021-11-28,39704,10421746,39192,10328128,512,93618
overview,United Kingdom,K02000001,2021-11-27,33300,10382042,32878,10288936,422,93106
overview,United Kingdom,K02000001,2021-11-26,39329,10348742,38803,10256058,526,92684
overview,United Kingdom,K02000001,2021-11-25,43424,10309413,42803,10217255,621,92158
overview,United Kingdom,K02000001,2021-11-24,46770,10265989,46100,10174452,670,91537
overview,United Kingdom,K02000001,2021-11-23,48196,10219219,47553,10128352,643,90867
overview,United Kingdom,K02000001,2021-11-22,50732,10171023,50065,10080799,667,90224
overview,United Kingdom,K02000001,2021-11-21,37252,10120291,36794,10030734,458,89557
overview,United Kingdom,K02000001,2021-11-20,35335,10083039,34891,9993940,444,89099
overview,United Kingdom,K02000001,2021-11-19,39607,10047704,39134,9959049,473,88655
overview,United Kingdom,K02000001,2021-11-18,44061,10008097,43463,9919915,598,88182
overview,United Kingdom,K02000001,2021-11-17,45894,9964036,45300,9876452,594,87584
overview,United Kingdom,K02000001,2021-11-16,46430,9918142,45771,9831152,659,86990
overview,United Kingdom,K02000001,2021-11-15,50948,9871712,50234,9785381,714,86331
overview,United Kingdom,K02000001,2021-11-14,35530,9820764,35118,9735147,412,85617
overview,United Kingdom,K02000001,2021-11-13,32883,9785234,32512,9700029,371,85205
overview,United Kingdom,K02000001,2021-11-12,37764,9752351,37275,9667517,489,84834
overview,United Kingdom,K02000001,2021-11-11,40998,9714587,40424,9630242,574,84345
overview,United Kingdom,K02000001,2021-11-10,42940,9673589,42380,9589818,560,83771
overview,United Kingdom,K02000001,2021-11-09,42246,9630649,41675,9547438,571,83211
overview,United Kingdom,K02000001,2021-11-08,44127,9588403,43505,9505763,622,82640
overview,United Kingdom,K02000001,2021-11-07,30586,9544276,30196,9462258,390,82018
overview,United Kingdom,K02000001,2021-11-06,27435,9513690,27088,9432062,347,81628
overview,United Kingdom,K02000001,2021-11-05,30318,9486255,29888,9404974,430,81281
overview,United Kingdom,K02000001,2021-11-04,33660,9455937,33238,9375086,422,80851
overview,United Kingdom,K02000001,2021-11-03,35986,9422277,35526,9341848,460,80429
overview,United Kingdom,K02000001,2021-11-02,38019,9386291,37529,9306322,490,79969
overview,United Kingdom,K02000001,2021-11-01,45109,9348272,44484,9268793,625,79479
overview,United Kingdom,K02000001,2021-10-31,34814,9303163,34366,9224309,448,78854
overview,United Kingdom,K02000001,2021-10-30,33567,9268349,33219,9189943,348,78406
overview,United Kingdom,K02000001,2021-10-29,40251,9234782,39750,9156724,501,78058
overview,United Kingdom,K02000001,2021-10-28,41391,9194531,40875,9116974,516,77557
overview,United Kingdom,K02000001,2021-10-27,43045,9153140,42538,9076099,507,77041
overview,United Kingdom,K02000001,2021-10-26,42124,9110095,41630,9033561,494,76534
overview,United Kingdom,K02000001,2021-10-25,47465,9067971,46883,8991931,582,76040
overview,United Kingdom,K02000001,2021-10-24,35765,9020506,35367,8945048,398,75458
overview,United Kingdom,K02000001,2021-10-23,35103,8984741,34720,8909681,383,75060
overview,United Kingdom,K02000001,2021-10-22,40665,8949638,40183,8874961,482,74677
overview,United Kingdom,K02000001,2021-10-21,45193,8908973,44652,8834778,541,74195
overview,United Kingdom,K02000001,2021-10-20,51661,8863780,51102,8790126,559,73654
overview,United Kingdom,K02000001,2021-10-19,52527,8812119,51907,8739024,620,73095
overview,United Kingdom,K02000001,2021-10-18,57742,8759592,57037,8687117,705,72475
overview,United Kingdom,K02000001,2021-10-17,43753,8701850,43308,8630080,445,71770
overview,United Kingdom,K02000001,2021-10-16,37878,8658097,37483,8586772,395,71325
overview,United Kingdom,K02000001,2021-10-15,43558,8620219,43094,8549289,464,70930
overview,United Kingdom,K02000001,2021-10-14,46421,8576661,45875,8506195,546,70466
overview,United Kingdom,K02000001,2021-10-13,47773,8530240,47238,8460320,535,69920
overview,United Kingdom,K02000001,2021-10-12,48319,8482467,47724,8413082,595,69385
overview,United Kingdom,K02000001,2021-10-11,50304,8434148,49762,8365358,542,68790
overview,United Kingdom,K02000001,2021-10-10,36418,8383844,36027,8315596,391,68248
overview,United Kingdom,K02000001,2021-10-09,32301,8347426,31940,8279569,361,67857
overview,United Kingdom,K02000001,2021-10-08,35609,8315125,35190,8247629,419,67496
overview,United Kingdom,K02000001,2021-10-07,38464,8279516,38022,8212439,442,67077
overview,United Kingdom,K02000001,2021-10-06,39263,8241052,38825,8174417,438,66635
overview,United Kingdom,K02000001,2021-10-05,39278,8201789,38810,8135592,468,66197
overview,United Kingdom,K02000001,2021-10-04,43734,8162511,43265,8096782,469,65729
overview,United Kingdom,K02000001,2021-10-03,32057,8118777,31717,8053517,340,65260
overview,United Kingdom,K02000001,2021-10-02,26315,8086720,26050,8021800,265,64920
overview,United Kingdom,K02000001,2021-10-01,29058,8060405,28749,7995750,309,64655
overview,United Kingdom,K02000001,2021-09-30,32605,8031347,32229,7967001,376,64346
overview,United Kingdom,K02000001,2021-09-29,34835,7998742,34439,7934772,396,63970
overview,United Kingdom,K02000001,2021-09-28,36547,7963907,36106,7900333,441,63574
overview,United Kingdom,K02000001,2021-09-27,41589,7927360,41089,7864227,500,63133
overview,United Kingdom,K02000001,2021-09-26,32082,7885771,31687,7823138,395,62633
overview,United Kingdom,K02000001,2021-09-25,28565,7853689,28239,7791451,326,62238
overview,United Kingdom,K02000001,2021-09-24,32109,7825124,31718,7763212,391,61912
overview,United Kingdom,K02000001,2021-09-23,35851,7793015,35355,7731494,496,61521
overview,United Kingdom,K02000001,2021-09-22,36756,7757164,36306,7696139,450,61025
overview,United Kingdom,K02000001,2021-09-21,38847,7720408,38393,7659833,454,60575
overview,United Kingdom,K02000001,2021-09-20,40768,7681561,40264,7621440,504,60121
overview,United Kingdom,K02000001,2021-09-19,31086,7640793,30713,7581176,373,59617
overview,United Kingdom,K02000001,2021-09-18,26646,7609707,26351,7550463,295,59244
overview,United Kingdom,K02000001,2021-09-17,29481,7583061,29139,7524112,342,58949
overview,United Kingdom,K02000001,2021-09-16,29701,7553580,29341,7494973,360,58607
overview,United Kingdom,K02000001,2021-09-15,30410,7523879,30055,7465632,355,58247
overview,United Kingdom,K02000001,2021-09-14,31432,7493469,31037,7435577,395,57892
overview,United Kingdom,K02000001,2021-09-13,34658,7462037,34230,7404540,428,57497
overview,United Kingdom,K02000001,2021-09-12,24061,7427379,23768,7370310,293,57069
overview,United Kingdom,K02000001,2021-09-11,23533,7403318,23249,7346542,284,56776
overview,United Kingdom,K02000001,2021-09-10,29183,7379785,28810,7323293,373,56492
overview,United Kingdom,K02000001,2021-09-09,33971,7350602,33551,7294483,420,56119
overview,United Kingdom,K02000001,2021-09-08,35847,7316631,35345,7260932,502,55699
overview,United Kingdom,K02000001,2021-09-07,38619,7280784,38136,7225587,483,55197
overview,United Kingdom,K02000001,2021-09-06,44926,7242165,44343,7187451,583,54714
overview,United Kingdom,K02000001,2021-09-05,31803,7197239,31422,7143108,381,54131
overview,United Kingdom,K02000001,2021-09-04,31810,7165436,31442,7111686,368,53750
overview,United Kingdom,K02000001,2021-09-03,38630,7133626,38169,7080244,461,53382
overview,United Kingdom,K02000001,2021-09-02,42326,7094996,41769,7042075,557,52921
overview,United Kingdom,K02000001,2021-09-01,43533,7052670,42997,7000306,536,52364
overview,United Kingdom,K02000001,2021-08-31,45212,7009137,44611,6957309,601,51828
overview,United Kingdom,K02000001,2021-08-30,34773,6963925,34320,6912698,453,51227
overview,United Kingdom,K02000001,2021-08-29,26135,6929152,25814,6878378,321,50774
overview,United Kingdom,K02000001,2021-08-28,27599,6903017,27291,6852564,308,50453
overview,United Kingdom,K02000001,2021-08-27,33744,6875418,33334,6825273,410,50145
overview,United Kingdom,K02000001,2021-08-26,37612,6841674,37116,6791939,496,49735
overview,United Kingdom,K02000001,2021-08-25,38777,6804062,38294,6754823,483,49239
overview,United Kingdom,K02000001,2021-08-24,37683,6765285,37178,6716529,505,48756
overview,United Kingdom,K02000001,2021-08-23,39715,6727602,39224,6679351,491,48251
overview,United Kingdom,K02000001,2021-08-22,28743,6687887,28434,6640127,309,47760
overview,United Kingdom,K02000001,2021-08-21,28533,6659144,28212,6611693,321,47451
overview,United Kingdom,K02000001,2021-08-20,32231,6630611,31821,6583481,410,47130
overview,United Kingdom,K02000001,2021-08-19,36500,6598380,36000,6551660,500,46720
overview,United Kingdom,K02000001,2021-08-18,38739,6561880,38206,6515660,533,46220
overview,United Kingdom,K02000001,2021-08-17,37918,6523141,37350,6477454,568,45687
overview,United Kingdom,K02000001,2021-08-16,36907,6485223,36406,6440104,501,45119
overview,United Kingdom,K02000001,2021-08-15,25326,6448316,25033,6403698,293,44618
overview,United Kingdom,K02000001,2021-08-14,25057,6422990,24784,6378665,273,44325
overview,United Kingdom,K02000001,2021-08-13,28973,6397933,28615,6353881,358,44052
overview,United Kingdom,K02000001,2021-08-12,31726,6368960,31285,6325266,441,43694
overview,United Kingdom,K02000001,2021-08-11,33348,6337234,32933,6293981,415,43253
overview,United Kingdom,K02000001,2021-08-10,31516,6303886,31065,6261048,451,42838
overview,United Kingdom,K02000001,2021-08-09,32161,6272370,31692,6229983,469,42387
overview,United Kingdom,K02000001,2021-08-08,22890,6240209,22612,6198291,278,41918
overview,United Kingdom,K02000001,2021-08-07,22567,6217319,22269,6175679,298,41640
overview,United Kingdom,K02000001,2021-08-06,28060,6194752,27670,6153410,390,41342
overview,United Kingdom,K02000001,2021-08-05,31666,6166692,31254,6125740,412,40952
overview,United Kingdom,K02000001,2021-08-04,32339,6135026,31892,6094486,447,40540
overview,United Kingdom,K02000001,2021-08-03,30475,6102687,30075,6062594,400,40093
overview,United Kingdom,K02000001,2021-08-02,29841,6072212,29419,6032519,422,39693
overview,United Kingdom,K02000001,2021-08-01,20908,6042371,20645,6003100,263,39271
overview,United Kingdom,K02000001,2021-07-31,20568,6021463,20268,5982455,300,39008
overview,United Kingdom,K02000001,2021-07-30,24749,6000895,24403,5962187,346,38708
overview,United Kingdom,K02000001,2021-07-29,28434,5976146,28051,5937784,383,38362
overview,United Kingdom,K02000001,2021-07-28,30237,5947712,29831,5909733,406,37979
overview,United Kingdom,K02000001,2021-07-27,29581,5917475,29156,5879902,425,37573
overview,United Kingdom,K02000001,2021-07-26,29980,5887894,29569,5850746,411,37148
overview,United Kingdom,K02000001,2021-07-25,22188,5857914,21908,5821177,280,36737
overview,United Kingdom,K02000001,2021-07-24,22852,5835726,22568,5799269,284,36457
overview,United Kingdom,K02000001,2021-07-23,27769,5812874,27429,5776701,340,36173
overview,United Kingdom,K02000001,2021-07-22,31276,5785105,30910,5749272,366,35833
overview,United Kingdom,K02000001,2021-07-21,35538,5753829,35117,5718362,421,35467
overview,United Kingdom,K02000001,2021-07-20,39875,5718291,39294,5683245,581,35046
overview,United Kingdom,K02000001,2021-07-19,47919,5678416,47288,5643951,631,34465
overview,United Kingdom,K02000001,2021-07-18,36181,5630497,35757,5596663,424,33834
overview,United Kingdom,K02000001,2021-07-17,38475,5594316,38066,5560906,409,33410
overview,United Kingdom,K02000001,2021-07-16,55263,5555841,54602,5522840,661,33001
overview,United Kingdom,K02000001,2021-07-15,61999,5500578,61196,5468238,803,32340
overview,United Kingdom,K02000001,2021-07-14,54909,5438579,54190,5407042,719,31537
overview,United Kingdom,K02000001,2021-07-13,47706,5383670,47070,5352852,636,30818
overview,United Kingdom,K02000001,2021-07-12,44513,5335964,43953,5305782,560,30182
overview,United Kingdom,K02000001,2021-07-11,30503,5291451,30184,5261829,319,29622
overview,United Kingdom,K02000001,2021-07-10,28379,5260948,28061,5231645,318,29303
overview,United Kingdom,K02000001,2021-07-09,32803,5232569,32398,5203584,405,28985
overview,United Kingdom,K02000001,2021-07-08,34016,5199766,33590,5171186,426,28580
overview,United Kingdom,K02000001,2021-07-07,38597,5165750,38089,5137596,508,28154
overview,United Kingdom,K02000001,2021-07-06,36060,5127153,35595,5099507,465,27646
overview,United Kingdom,K02000001,2021-07-05,34918,5091093,34414,5063912,504,27181
overview,United Kingdom,K02000001,2021-07-04,25169,5056175,24848,5029498,321,26677
overview,United Kingdom,K02000001,2021-07-03,24010,5031006,23711,5004650,299,26356
overview,United Kingdom,K02000001,2021-07-02,26340,5006996,25980,4980939,360,26057
overview,United Kingdom,K02000001,2021-07-01,28794,4980656,28310,4954959,484,25697
overview,United Kingdom,K02000001,2021-06-30,28923,4951862,28520,4926649,403,25213
overview,United Kingdom,K02000001,2021-06-29,28199,4922939,27788,4898129,411,24810
overview,United Kingdom,K02000001,2021-06-28,28418,4894740,27940,4870341,478,24399
overview,United Kingdom,K02000001,2021-06-27,18502,4866322,18226,4842401,276,23921
overview,United Kingdom,K02000001,2021-06-26,16301,4847820,16059,4824175,242,23645
overview,United Kingdom,K02000001,2021-06-25,18169,4831519,17866,4808116,303,23403
overview,United Kingdom,K02000001,2021-06-24,18712,4813350,18404,4790250,308,23100
overview,United Kingdom,K02000001,2021-06-23,18350,4794638,18023,4771846,327,22792
overview,United Kingdom,K02000001,2021-06-22,17403,4776288,17097,4753823,306,22465
overview,United Kingdom,K02000001,2021-06-21,16307,4758885,16032,4736726,275,22159
overview,United Kingdom,K02000001,2021-06-20,10088,4742578,9927,4720694,161,21884
overview,United Kingdom,K02000001,2021-06-19,8446,4732490,8299,4710767,147,21723
overview,United Kingdom,K02000001,2021-06-18,10320,4724044,10099,4702468,221,21576
overview,United Kingdom,K02000001,2021-06-17,11106,4713724,10856,4692369,250,21355
overview,United Kingdom,K02000001,2021-06-16,11052,4702618,10857,4681513,195,21105
overview,United Kingdom,K02000001,2021-06-15,10796,4691566,10561,4670656,235,20910
overview,United Kingdom,K02000001,2021-06-14,10362,4680770,10171,4660095,191,20675
overview,United Kingdom,K02000001,2021-06-13,7135,4670408,7009,4649924,126,20484
overview,United Kingdom,K02000001,2021-06-12,6284,4663273,6163,4642915,121,20358
overview,United Kingdom,K02000001,2021-06-11,7619,4656989,7466,4636752,153,20237
overview,United Kingdom,K02000001,2021-06-10,8042,4649370,7881,4629286,161,20084
overview,United Kingdom,K02000001,2021-06-09,8210,4641328,8071,4621405,139,19923
overview,United Kingdom,K02000001,2021-06-08,7896,4633118,7720,4613334,176,19784
overview,United Kingdom,K02000001,2021-06-07,7945,4625222,7789,4605614,156,19608
overview,United Kingdom,K02000001,2021-06-06,5533,4617277,5432,4597825,101,19452
overview,United Kingdom,K02000001,2021-06-05,4731,4611744,4661,4592393,70,19351
overview,United Kingdom,K02000001,2021-06-04,5860,4607013,5758,4587732,102,19281
overview,United Kingdom,K02000001,2021-06-03,6256,4601153,6129,4581974,127,19179
overview,United Kingdom,K02000001,2021-06-02,6168,4594897,6071,4575845,97,19052
overview,United Kingdom,K02000001,2021-06-01,5431,4588729,5286,4569774,145,18955
overview,United Kingdom,K02000001,2021-05-31,3897,4583298,3802,4564488,95,18810
overview,United Kingdom,K02000001,2021-05-30,3164,4579401,3106,4560686,58,18715
overview,United Kingdom,K02000001,2021-05-29,2999,4576237,2952,4557580,47,18657
overview,United Kingdom,K02000001,2021-05-28,3589,4573238,3508,4554628,81,18610
overview,United Kingdom,K02000001,2021-05-27,3747,4569649,3648,4551120,99,18529
overview,United Kingdom,K02000001,2021-05-26,3921,4565902,3831,4547472,90,18430
overview,United Kingdom,K02000001,2021-05-25,3427,4561981,3329,4543641,98,18340
overview,United Kingdom,K02000001,2021-05-24,3368,4558554,3265,4540312,103,18242
overview,United Kingdom,K02000001,2021-05-23,2326,4555186,2262,4537047,64,18139
overview,United Kingdom,K02000001,2021-05-22,2000,4552860,1940,4534785,60,18075
overview,United Kingdom,K02000001,2021-05-21,2365,4550860,2309,4532845,56,18015
overview,United Kingdom,K02000001,2021-05-20,2517,4548495,2432,4530536,85,17959
overview,United Kingdom,K02000001,2021-05-19,2812,4545978,2736,4528104,76,17874
overview,United Kingdom,K02000001,2021-05-18,2812,4543166,2725,4525368,87,17798
overview,United Kingdom,K02000001,2021-05-17,2858,4540354,2765,4522643,93,17711
overview,United Kingdom,K02000001,2021-05-16,1922,4537496,1866,4519878,56,17618
overview,United Kingdom,K02000001,2021-05-15,1626,4535574,1583,4518012,43,17562
overview,United Kingdom,K02000001,2021-05-14,1936,4533948,1864,4516429,72,17519
overview,United Kingdom,K02000001,2021-05-13,2182,4532012,2112,4514565,70,17447
overview,United Kingdom,K02000001,2021-05-12,2334,4529830,2243,4512453,91,17377
overview,United Kingdom,K02000001,2021-05-11,2328,4527496,2251,4510210,77,17286
overview,United Kingdom,K02000001,2021-05-10,2808,4525168,2725,4507959,83,17209
overview,United Kingdom,K02000001,2021-05-09,2307,4522360,2229,4505234,78,17126
overview,United Kingdom,K02000001,2021-05-08,1608,4520053,1561,4503005,47,17048
overview,United Kingdom,K02000001,2021-05-07,1981,4518445,1909,4501444,72,17001
overview,United Kingdom,K02000001,2021-05-06,2325,4516464,2235,4499535,90,16929
overview,United Kingdom,K02000001,2021-05-05,2569,4514139,2468,4497300,101,16839
overview,United Kingdom,K02000001,2021-05-04,2550,4511570,2459,4494832,91,16738
overview,United Kingdom,K02000001,2021-05-03,2084,4509020,2024,4492373,60,16647
overview,United Kingdom,K02000001,2021-05-02,1521,4506936,1467,4490349,54,16587
overview,United Kingdom,K02000001,2021-05-01,1431,4505415,1379,4488882,52,16533
overview,United Kingdom,K02000001,2021-04-30,1825,4503984,1741,4487503,84,16481
overview,United Kingdom,K02000001,2021-04-29,2230,4502159,2138,4485762,92,16397
overview,United Kingdom,K02000001,2021-04-28,2499,4499929,2415,4483624,84,16305
overview,United Kingdom,K02000001,2021-04-27,2177,4497430,2105,4481209,72,16221
overview,United Kingdom,K02000001,2021-04-26,2627,4495253,2512,4479104,115,16149
overview,United Kingdom,K02000001,2021-04-25,2119,4492626,2046,4476592,73,16034
overview,United Kingdom,K02000001,2021-04-24,1564,4490507,1514,4474546,50,15961
overview,United Kingdom,K02000001,2021-04-23,2020,4488943,1931,4473032,89,15911
overview,United Kingdom,K02000001,2021-04-22,2409,4486923,2300,4471101,109,15822
overview,United Kingdom,K02000001,2021-04-21,2709,4484514,2614,4468801,95,15713
overview,United Kingdom,K02000001,2021-04-20,2541,4481805,2417,4466187,124,15618
overview,United Kingdom,K02000001,2021-04-19,2738,4479264,2633,4463770,105,15494
overview,United Kingdom,K02000001,2021-04-18,2584,4476526,2510,4461137,74,15389
overview,United Kingdom,K02000001,2021-04-17,1722,4473942,1678,4458627,44,15315
overview,United Kingdom,K02000001,2021-04-16,2347,4472220,2275,4456949,72,15271
overview,United Kingdom,K02000001,2021-04-15,2345,4469873,2260,4454674,85,15199
overview,United Kingdom,K02000001,2021-04-14,2512,4467528,2433,4452414,79,15114
overview,United Kingdom,K02000001,2021-04-13,2495,4465016,2402,4449981,93,15035
overview,United Kingdom,K02000001,2021-04-12,2880,4462521,2785,4447579,95,14942
overview,United Kingdom,K02000001,2021-04-11,2376,4459641,2334,4444794,42,14847
overview,United Kingdom,K02000001,2021-04-10,2380,4457265,2333,4442460,47,14805
overview,United Kingdom,K02000001,2021-04-09,2952,4454885,2876,4440127,76,14758
overview,United Kingdom,K02000001,2021-04-08,3147,4451933,3057,4437251,90,14682
overview,United Kingdom,K02000001,2021-04-07,3253,4448786,3170,4434194,83,14592
overview,United Kingdom,K02000001,2021-04-06,3312,4445533,3221,4431024,91,14509
overview,United Kingdom,K02000001,2021-04-05,2744,4442221,2681,4427803,63,14418
overview,United Kingdom,K02000001,2021-04-04,2413,4439477,2367,4425122,46,14355
overview,United Kingdom,K02000001,2021-04-03,2506,4437064,2478,4422755,28,14309
overview,United Kingdom,K02000001,2021-04-02,2747,4434558,2701,4420277,46,14281
overview,United Kingdom,K02000001,2021-04-01,3674,4431811,3600,4417576,74,14235
overview,United Kingdom,K02000001,2021-03-31,3967,4428137,3899,4413976,68,14161
overview,United Kingdom,K02000001,2021-03-30,3779,4424170,3702,4410077,77,14093
overview,United Kingdom,K02000001,2021-03-29,4196,4420391,4113,4406375,83,14016
overview,United Kingdom,K02000001,2021-03-28,5029,4416195,4959,4402262,70,13933
overview,United Kingdom,K02000001,2021-03-27,3731,4411166,3683,4397303,48,13863
overview,United Kingdom,K02000001,2021-03-26,4567,4407435,4506,4393620,61,13815
overview,United Kingdom,K02000001,2021-03-25,5616,4402868,5534,4389114,82,13754
overview,United Kingdom,K02000001,2021-03-24,6223,4397252,6130,4383580,93,13672
overview,United Kingdom,K02000001,2021-03-23,5481,4391029,5398,4377450,83,13579
overview,United Kingdom,K02000001,2021-03-22,6458,4385548,6378,4372052,80,13496
overview,United Kingdom,K02000001,2021-03-21,5388,4379090,5325,4365674,63,13416
overview,United Kingdom,K02000001,2021-03-20,4246,4373702,4204,4360349,42,13353
overview,United Kingdom,K02000001,2021-03-19,5176,4369456,5111,4356145,65,13311
overview,United Kingdom,K02000001,2021-03-18,5623,4364280,5575,4351034,48,13246
overview,United Kingdom,K02000001,2021-03-17,5976,4358657,5913,4345459,63,13198
overview,United Kingdom,K02000001,2021-03-16,5849,4352681,5791,4339546,58,13135
overview,United Kingdom,K02000001,2021-03-15,6697,4346832,6633,4333755,64,13077
overview,United Kingdom,K02000001,2021-03-14,4425,4340135,4384,4327122,41,13013
overview,United Kingdom,K02000001,2021-03-13,4379,4335710,4340,4322738,39,12972
overview,United Kingdom,K02000001,2021-03-12,5716,4331331,5664,4318398,52,12933
overview,United Kingdom,K02000001,2021-03-11,5933,4325615,5876,4312734,57,12881
overview,United Kingdom,K02000001,2021-03-10,6251,4319682,6173,4306858,78,12824
overview,United Kingdom,K02000001,2021-03-09,6487,4313431,6385,4300685,102,12746
overview,United Kingdom,K02000001,2021-03-08,6890,4306944,6789,4294300,101,12644
overview,United Kingdom,K02000001,2021-03-07,4410,4300054,4371,4287511,39,12543
overview,United Kingdom,K02000001,2021-03-06,4628,4295644,4592,4283140,36,12504
overview,United Kingdom,K02000001,2021-03-05,5467,4291016,5409,4278548,58,12468
overview,United Kingdom,K02000001,2021-03-04,5937,4285549,5862,4273139,75,12410
overview,United Kingdom,K02000001,2021-03-03,6172,4279612,6101,4267277,71,12335
overview,United Kingdom,K02000001,2021-03-02,6919,4273440,6801,4261176,118,12264
overview,United Kingdom,K02000001,2021-03-01,7191,4266521,7042,4254375,149,12146
overview,United Kingdom,K02000001,2021-02-28,4873,4259330,4826,4247333,47,11997
overview,United Kingdom,K02000001,2021-02-27,4949,4254457,4910,4242507,39,11950
overview,United Kingdom,K02000001,2021-02-26,6783,4249508,6713,4237597,70,11911
overview,United Kingdom,K02000001,2021-02-25,8025,4242725,7901,4230884,124,11841
overview,United Kingdom,K02000001,2021-02-24,8845,4234700,8732,4222983,113,11717
overview,United Kingdom,K02000001,2021-02-23,9762,4225855,9632,4214251,130,11604
overview,United Kingdom,K02000001,2021-02-22,11655,4216093,11473,4204619,182,11474
overview,United Kingdom,K02000001,2021-02-21,8097,4204438,8041,4193146,56,11292
overview,United Kingdom,K02000001,2021-02-20,8312,4196341,8247,4185105,65,11236
overview,United Kingdom,K02000001,2021-02-19,10728,4188029,10603,4176858,125,11171
overview,United Kingdom,K02000001,2021-02-18,11794,4177301,11680,4166255,114,11046
overview,United Kingdom,K02000001,2021-02-17,11942,4165507,11814,4154575,128,10932
overview,United Kingdom,K02000001,2021-02-16,12941,4153565,12820,4142761,121,10804
overview,United Kingdom,K02000001,2021-02-15,14735,4140624,14561,4129941,174,10683
overview,United Kingdom,K02000001,2021-02-14,8994,4125889,8945,4115380,49,10509
overview,United Kingdom,K02000001,2021-02-13,9034,4116895,8977,4106435,57,10460
overview,United Kingdom,K02000001,2021-02-12,12573,4107861,12459,4097458,114,10403
overview,United Kingdom,K02000001,2021-02-11,13139,4095288,13052,4084999,87,10289
overview,United Kingdom,K02000001,2021-02-10,13899,4082149,13780,4071947,119,10202
overview,United Kingdom,K02000001,2021-02-09,14225,4068250,14096,4058167,129,10083
overview,United Kingdom,K02000001,2021-02-08,16194,4054025,16079,4044071,115,9954
overview,United Kingdom,K02000001,2021-02-07,11664,4037831,11619,4027992,45,9839
overview,United Kingdom,K02000001,2021-02-06,12320,4026167,12265,4016373,55,9794
overview,United Kingdom,K02000001,2021-02-05,16308,4013847,16201,4004108,107,9739
overview,United Kingdom,K02000001,2021-02-04,18492,3997539,18395,3987907,97,9632
overview,United Kingdom,K02000001,2021-02-03,19914,3979047,19787,3969512,127,9535
overview,United Kingdom,K02000001,2021-02-02,20267,3959133,20152,3949725,115,9408
overview,United Kingdom,K02000001,2021-02-01,22971,3938866,22852,3929573,119,9293
overview,United Kingdom,K02000001,2021-01-31,15783,3915895,15726,3906721,57,9174
overview,United Kingdom,K02000001,2021-01-30,17167,3900112,17098,3890995,69,9117
overview,United Kingdom,K02000001,2021-01-29,22433,3882945,22329,3873897,104,9048
overview,United Kingdom,K02000001,2021-01-28,24772,3860512,24659,3851568,113,8944
overview,United Kingdom,K02000001,2021-01-27,26303,3835740,26189,3826909,114,8831
overview,United Kingdom,K02000001,2021-01-26,27730,3809437,27587,3800720,143,8717
overview,United Kingdom,K02000001,2021-01-25,30736,3781707,30588,3773133,148,8574
overview,United Kingdom,K02000001,2021-01-24,17554,3750971,17512,3742545,42,8426
overview,United Kingdom,K02000001,2021-01-23,22344,3733417,22270,3725033,74,8384
overview,United Kingdom,K02000001,2021-01-22,30330,3711073,30208,3702763,122,8310
overview,United Kingdom,K02000001,2021-01-21,32501,3680743,32370,3672555,131,8188
overview,United Kingdom,K02000001,2021-01-20,35985,3648242,35824,3640185,161,8057
overview,United Kingdom,K02000001,2021-01-19,40526,3612257,40342,3604361,184,7896
overview,United Kingdom,K02000001,2021-01-18,45956,3571731,45752,3564019,204,7712
overview,United Kingdom,K02000001,2021-01-17,29592,3525775,29507,3518267,85,7508
overview,United Kingdom,K02000001,2021-01-16,31248,3496183,31160,3488760,88,7423
overview,United Kingdom,K02000001,2021-01-15,41450,3464935,41313,3457600,137,7335
overview,United Kingdom,K02000001,2021-01-14,43473,3423485,43316,3416287,157,7198
overview,United Kingdom,K02000001,2021-01-13,46506,3380012,46377,3372971,129,7041
overview,United Kingdom,K02000001,2021-01-12,50647,3333506,50435,3326594,212,6912
overview,United Kingdom,K02000001,2021-01-11,58591,3282859,58380,3276159,211,6700
overview,United Kingdom,K02000001,2021-01-10,37174,3224268,37105,3217779,69,6489
overview,United Kingdom,K02000001,2021-01-09,40035,3187094,39952,3180674,83,6420
overview,United Kingdom,K02000001,2021-01-08,48104,3147059,47958,3140722,146,6337
overview,United Kingdom,K02000001,2021-01-07,53187,3098955,53040,3092764,147,6191
overview,United Kingdom,K02000001,2021-01-06,58783,3045768,58627,3039724,156,6044
overview,United Kingdom,K02000001,2021-01-05,66635,2986985,66434,2981097,201,5888
overview,United Kingdom,K02000001,2021-01-04,77970,2920350,77772,2914663,198,5687
overview,United Kingdom,K02000001,2021-01-03,56332,2842380,56245,2836891,87,5489
overview,United Kingdom,K02000001,2021-01-02,61654,2786048,61558,2780646,96,5402
overview,United Kingdom,K02000001,2021-01-01,32482,2724394,32428,2719088,54,5306
overview,United Kingdom,K02000001,2020-12-31,53945,2691912,53860,2686660,85,5252
overview,United Kingdom,K02000001,2020-12-30,72161,2637967,72010,2632800,151,5167
overview,United Kingdom,K02000001,2020-12-29,83088,2565806,82928,2560790,160,5016
overview,United Kingdom,K02000001,2020-12-28,46407,2482718,46344,2477862,63,4856
overview,United Kingdom,K02000001,2020-12-27,48519,2436311,48457,2431518,62,4793
overview,United Kingdom,K02000001,2020-12-26,41109,2387792,41062,2383061,47,4731
overview,United Kingdom,K02000001,2020-12-25,14419,2346683,14395,2341999,24,4684
overview,United Kingdom,K02000001,2020-12-24,32391,2332264,32337,2327604,54,4660
overview,United Kingdom,K02000001,2020-12-23,42936,2299873,42862,2295267,74,4606
overview,United Kingdom,K02000001,2020-12-22,46475,2256937,46374,2252405,101,4532
overview,United Kingdom,K02000001,2020-12-21,48192,2210462,48117,2206031,75,4431
overview,United Kingdom,K02000001,2020-12-20,33064,2162270,33020,2157914,44,4356
overview,United Kingdom,K02000001,2020-12-19,25589,2129206,25552,2124894,37,4312
overview,United Kingdom,K02000001,2020-12-18,36417,2103617,36358,2099342,59,4275
overview,United Kingdom,K02000001,2020-12-17,34440,2067200,34379,2062984,61,4216
overview,United Kingdom,K02000001,2020-12-16,35438,2032760,35378,2028605,60,4155
overview,United Kingdom,K02000001,2020-12-15,34414,1997322,34360,1993227,54,4095
overview,United Kingdom,K02000001,2020-12-14,35221,1962908,35144,1958867,77,4041
overview,United Kingdom,K02000001,2020-12-13,22279,1927687,22236,1923723,43,3964
overview,United Kingdom,K02000001,2020-12-12,19592,1905408,19552,1901487,40,3921
overview,United Kingdom,K02000001,2020-12-11,24425,1885816,24373,1881935,52,3881
overview,United Kingdom,K02000001,2020-12-10,22927,1861391,22880,1857562,47,3829
overview,United Kingdom,K02000001,2020-12-09,21937,1838464,21878,1834682,59,3782
overview,United Kingdom,K02000001,2020-12-08,21096,1816527,21048,1812804,48,3723
overview,United Kingdom,K02000001,2020-12-07,21645,1795431,21590,1791756,55,3675
overview,United Kingdom,K02000001,2020-12-06,13765,1773786,13737,1770166,28,3620
overview,United Kingdom,K02000001,2020-12-05,12917,1760021,12905,1756429,12,3592
overview,United Kingdom,K02000001,2020-12-04,15866,1747104,15836,1743524,30,3580
overview,United Kingdom,K02000001,2020-12-03,15926,1731238,15879,1727688,47,3550
overview,United Kingdom,K02000001,2020-12-02,16748,1715312,16709,1711809,39,3503
overview,United Kingdom,K02000001,2020-12-01,16746,1698564,16699,1695100,47,3464
overview,United Kingdom,K02000001,2020-11-30,18265,1681818,18230,1678401,35,3417
overview,United Kingdom,K02000001,2020-11-29,10874,1663553,10854,1660171,20,3382
overview,United Kingdom,K02000001,2020-11-28,11105,1652679,11085,1649317,20,3362
overview,United Kingdom,K02000001,2020-11-27,14597,1641574,14568,1638232,29,3342
overview,United Kingdom,K02000001,2020-11-26,14817,1626977,14781,1623664,36,3313
overview,United Kingdom,K02000001,2020-11-25,16857,1612160,16823,1608883,34,3277
overview,United Kingdom,K02000001,2020-11-24,16705,1595303,16668,1592060,37,3243
overview,United Kingdom,K02000001,2020-11-23,19082,1578598,19046,1575392,36,3206
overview,United Kingdom,K02000001,2020-11-22,11913,1559516,11898,1556346,15,3170
overview,United Kingdom,K02000001,2020-11-21,12556,1547603,12541,1544448,15,3155
overview,United Kingdom,K02000001,2020-11-20,17134,1535047,17100,1531907,34,3140
overview,United Kingdom,K02000001,2020-11-19,18074,1517913,18042,1514807,32,3106
overview,United Kingdom,K02000001,2020-11-18,21118,1499839,21075,1496765,43,3074
overview,United Kingdom,K02000001,2020-11-17,23531,1478721,23494,1475690,37,3031
overview,United Kingdom,K02000001,2020-11-16,27006,1455190,26969,1452196,37,2994
overview,United Kingdom,K02000001,2020-11-15,16258,1428184,16243,1425227,15,2957
overview,United Kingdom,K02000001,2020-11-14,18258,1411926,18238,1408984,20,2942
overview,United Kingdom,K02000001,2020-11-13,24438,1393668,24407,1390746,31,2922
overview,United Kingdom,K02000001,2020-11-12,24876,1369230,24837,1366339,39,2891
overview,United Kingdom,K02000001,2020-11-11,27792,1344354,27749,1341502,43,2852
overview,United Kingdom,K02000001,2020-11-10,27828,1316562,27782,1313753,46,2809
overview,United Kingdom,K02000001,2020-11-09,31556,1288734,31503,1285971,53,2763
overview,United Kingdom,K02000001,2020-11-08,20252,1257178,20228,1254468,24,2710
overview,United Kingdom,K02000001,2020-11-07,18784,1236926,18767,1234240,17,2686
overview,United Kingdom,K02000001,2020-11-06,23714,1218142,23674,1215473,40,2669
overview,United Kingdom,K02000001,2020-11-05,24102,1194428,24056,1191799,46,2629
overview,United Kingdom,K02000001,2020-11-04,24055,1170326,24017,1167743,38,2583
overview,United Kingdom,K02000001,2020-11-03,25989,1146271,25939,1143726,50,2545
overview,United Kingdom,K02000001,2020-11-02,32003,1120282,31955,1117787,48,2495
overview,United Kingdom,K02000001,2020-11-01,16001,1088279,15976,1085832,25,2447
overview,United Kingdom,K02000001,2020-10-31,16702,1072278,16680,1069856,22,2422
overview,United Kingdom,K02000001,2020-10-30,22896,1055576,22864,1053176,32,2400
overview,United Kingdom,K02000001,2020-10-29,23649,1032680,23608,1030312,41,2368
overview,United Kingdom,K02000001,2020-10-28,23907,1009031,23876,1006704,31,2327
overview,United Kingdom,K02000001,2020-10-27,24360,985124,24331,982828,29,2296
overview,United Kingdom,K02000001,2020-10-26,26807,960764,26779,958497,28,2267
overview,United Kingdom,K02000001,2020-10-25,15905,933957,15893,931718,12,2239
overview,United Kingdom,K02000001,2020-10-24,16464,918052,16445,915825,19,2227
overview,United Kingdom,K02000001,2020-10-23,21714,901588,21678,899380,36,2208
overview,United Kingdom,K02000001,2020-10-22,23497,879874,23473,877702,24,2172
overview,United Kingdom,K02000001,2020-10-21,25785,856377,25754,854229,31,2148
overview,United Kingdom,K02000001,2020-10-20,25680,830592,25631,828475,49,2117
overview,United Kingdom,K02000001,2020-10-19,25926,804912,25892,802844,34,2068
overview,United Kingdom,K02000001,2020-10-18,14330,778986,14309,776952,21,2034
overview,United Kingdom,K02000001,2020-10-17,14888,764656,14870,762643,18,2013
overview,United Kingdom,K02000001,2020-10-16,17938,749768,17900,747773,38,1995
overview,United Kingdom,K02000001,2020-10-15,18639,731830,18599,729873,40,1957
overview,United Kingdom,K02000001,2020-10-14,19933,713191,19906,711274,27,1917
overview,United Kingdom,K02000001,2020-10-13,19135,693258,19100,691368,35,1890
overview,United Kingdom,K02000001,2020-10-12,19710,674123,19681,672268,29,1855
overview,United Kingdom,K02000001,2020-10-11,12213,654413,12203,652587,10,1826
overview,United Kingdom,K02000001,2020-10-10,12652,642200,12636,640384,16,1816
overview,United Kingdom,K02000001,2020-10-09,15903,629548,15869,627748,34,1800
overview,United Kingdom,K02000001,2020-10-08,18427,613645,18404,611879,23,1766
overview,United Kingdom,K02000001,2020-10-07,18575,595218,18544,593475,31,1743
overview,United Kingdom,K02000001,2020-10-06,17250,576643,17219,574931,31,1712
overview,United Kingdom,K02000001,2020-10-05,16755,559393,16716,557712,39,1681
overview,United Kingdom,K02000001,2020-10-04,11954,542638,11945,540996,9,1642
overview,United Kingdom,K02000001,2020-10-03,11667,530684,11657,529051,10,1633
overview,United Kingdom,K02000001,2020-10-02,13854,519017,13823,517394,31,1623
overview,United Kingdom,K02000001,2020-10-01,13358,505163,13327,503571,31,1592
overview,United Kingdom,K02000001,2020-09-30,12717,491805,12683,490244,34,1561
overview,United Kingdom,K02000001,2020-09-29,10367,479088,10325,477561,42,1527
overview,United Kingdom,K02000001,2020-09-28,9983,468721,9963,467236,20,1485
overview,United Kingdom,K02000001,2020-09-27,7023,458738,7012,457273,11,1465
overview,United Kingdom,K02000001,2020-09-26,6810,451715,6802,450261,8,1454
overview,United Kingdom,K02000001,2020-09-25,7318,444905,7299,443459,19,1446
overview,United Kingdom,K02000001,2020-09-24,7682,437587,7658,436160,24,1427
overview,United Kingdom,K02000001,2020-09-23,7096,429905,7072,428502,24,1403
overview,United Kingdom,K02000001,2020-09-22,6441,422809,6418,421430,23,1379
overview,United Kingdom,K02000001,2020-09-21,5627,416368,5611,415012,16,1356
overview,United Kingdom,K02000001,2020-09-20,5340,410741,5333,409401,7,1340
overview,United Kingdom,K02000001,2020-09-19,4889,405401,4884,404068,5,1333
overview,United Kingdom,K02000001,2020-09-18,4973,400512,4946,399184,27,1328
overview,United Kingdom,K02000001,2020-09-17,4675,395539,4653,394238,22,1301
overview,United Kingdom,K02000001,2020-09-16,4399,390864,4371,389585,28,1279
overview,United Kingdom,K02000001,2020-09-15,3551,386465,3521,385214,30,1251
overview,United Kingdom,K02000001,2020-09-14,3428,382914,3399,381693,29,1221
overview,United Kingdom,K02000001,2020-09-13,2154,379486,2147,378294,7,1192
overview,United Kingdom,K02000001,2020-09-12,2670,377332,2659,376147,11,1185
overview,United Kingdom,K02000001,2020-09-11,3324,374662,3294,373488,30,1174
overview,United Kingdom,K02000001,2020-09-10,3628,371338,3606,370194,22,1144
overview,United Kingdom,K02000001,2020-09-09,3365,367710,3343,366588,22,1122
overview,United Kingdom,K02000001,2020-09-08,3370,364345,3330,363245,40,1100
overview,United Kingdom,K02000001,2020-09-07,3931,360975,3878,359915,53,1060
overview,United Kingdom,K02000001,2020-09-06,2465,357044,2455,356037,10,1007
overview,United Kingdom,K02000001,2020-09-05,2551,354579,2544,353582,7,997
overview,United Kingdom,K02000001,2020-09-04,3092,352028,3057,351038,35,990
overview,United Kingdom,K02000001,2020-09-03,3152,348936,3105,347981,47,955
overview,United Kingdom,K02000001,2020-09-02,3077,345784,3015,344876,62,908
overview,United Kingdom,K02000001,2020-09-01,2288,342707,2267,341861,21,846
overview,United Kingdom,K02000001,2020-08-31,1513,340419,1506,339594,7,825
overview,United Kingdom,K02000001,2020-08-30,1171,338906,1167,338088,4,818
overview,United Kingdom,K02000001,2020-08-29,1230,337735,1225,336921,5,814
overview,United Kingdom,K02000001,2020-08-28,1632,336505,1621,335696,11,809
overview,United Kingdom,K02000001,2020-08-27,1591,334873,1563,334075,28,798
overview,United Kingdom,K02000001,2020-08-26,1388,333282,1359,332512,29,770
overview,United Kingdom,K02000001,2020-08-25,1270,331894,1250,331153,20,741
overview,United Kingdom,K02000001,2020-08-24,1301,330624,1289,329903,12,721
overview,United Kingdom,K02000001,2020-08-23,831,329323,828,328614,3,709
overview,United Kingdom,K02000001,2020-08-22,842,328492,836,327786,6,706
overview,United Kingdom,K02000001,2020-08-21,1218,327650,1198,326950,20,700
overview,United Kingdom,K02000001,2020-08-20,1498,326432,1470,325752,28,680
overview,United Kingdom,K02000001,2020-08-19,1282,324934,1258,324282,24,652
overview,United Kingdom,K02000001,2020-08-18,1116,323652,1099,323024,17,628
overview,United Kingdom,K02000001,2020-08-17,1298,322536,1286,321925,12,611
overview,United Kingdom,K02000001,2020-08-16,602,321238,596,320639,6,599
overview,United Kingdom,K02000001,2020-08-15,714,320636,710,320043,4,593
overview,United Kingdom,K02000001,2020-08-14,1185,319922,1164,319333,21,589
overview,United Kingdom,K02000001,2020-08-13,1156,318737,1149,318169,7,568
overview,United Kingdom,K02000001,2020-08-12,1242,317581,1221,317020,21,561
overview,United Kingdom,K02000001,2020-08-11,1378,316339,1348,315799,30,540
overview,United Kingdom,K02000001,2020-08-10,1499,314961,1482,314451,17,510
overview,United Kingdom,K02000001,2020-08-09,627,313462,622,312969,5,493
overview,United Kingdom,K02000001,2020-08-08,710,312835,704,312347,6,488
overview,United Kingdom,K02000001,2020-08-07,973,312125,958,311643,15,482
overview,United Kingdom,K02000001,2020-08-06,1105,311152,1089,310685,16,467
overview,United Kingdom,K02000001,2020-08-05,1092,310047,1067,309596,25,451
overview,United Kingdom,K02000001,2020-08-04,1065,308955,1037,308529,28,426
overview,United Kingdom,K02000001,2020-08-03,1060,307890,1042,307492,18,398
overview,United Kingdom,K02000001,2020-08-02,564,306830,558,306450,6,380
overview,United Kingdom,K02000001,2020-08-01,559,306266,552,305892,7,374
overview,United Kingdom,K02000001,2020-07-31,697,305707,686,305340,11,367
overview,United Kingdom,K02000001,2020-07-30,946,305010,926,304654,20,356
overview,United Kingdom,K02000001,2020-07-29,1062,304064,1043,303728,19,336
overview,United Kingdom,K02000001,2020-07-28,856,303002,836,302685,20,317
overview,United Kingdom,K02000001,2020-07-27,869,302146,857,301849,12,297
overview,United Kingdom,K02000001,2020-07-26,563,301277,560,300992,3,285
overview,United Kingdom,K02000001,2020-07-25,530,300714,527,300432,3,282
overview,United Kingdom,K02000001,2020-07-24,774,300184,764,299905,10,279
overview,United Kingdom,K02000001,2020-07-23,808,299410,803,299141,5,269
overview,United Kingdom,K02000001,2020-07-22,816,298602,804,298338,12,264
overview,United Kingdom,K02000001,2020-07-21,788,297786,776,297534,12,252
overview,United Kingdom,K02000001,2020-07-20,830,296998,817,296758,13,240
overview,United Kingdom,K02000001,2020-07-19,448,296168,443,295941,5,227
overview,United Kingdom,K02000001,2020-07-18,505,295720,499,295498,6,222
overview,United Kingdom,K02000001,2020-07-17,582,295215,578,294999,4,216
overview,United Kingdom,K02000001,2020-07-16,712,294633,704,294421,8,212
overview,United Kingdom,K02000001,2020-07-15,777,293921,771,293717,6,204
overview,United Kingdom,K02000001,2020-07-14,705,293144,698,292946,7,198
overview,United Kingdom,K02000001,2020-07-13,740,292439,736,292248,4,191
overview,United Kingdom,K02000001,2020-07-12,366,291699,364,291512,2,187
overview,United Kingdom,K02000001,2020-07-11,459,291333,455,291148,4,185
overview,United Kingdom,K02000001,2020-07-10,568,290874,563,290693,5,181
overview,United Kingdom,K02000001,2020-07-09,722,290306,713,290130,9,176
overview,United Kingdom,K02000001,2020-07-08,713,289584,705,289417,8,167
overview,United Kingdom,K02000001,2020-07-07,609,288871,602,288712,7,159
overview,United Kingdom,K02000001,2020-07-06,714,288262,706,288110,8,152
overview,United Kingdom,K02000001,2020-07-05,558,287548,556,287404,2,144
overview,United Kingdom,K02000001,2020-07-04,399,286990,398,286848,1,142
overview,United Kingdom,K02000001,2020-07-03,568,286591,563,286450,5,141
overview,United Kingdom,K02000001,2020-07-02,606,286023,601,285887,5,136
overview,United Kingdom,K02000001,2020-07-01,652,285417,647,285286,5,131
overview,United Kingdom,K02000001,2020-06-30,623,284765,618,284639,5,126
overview,United Kingdom,K02000001,2020-06-29,724,284142,718,284021,6,121
overview,United Kingdom,K02000001,2020-06-28,449,283418,446,283303,3,115
overview,United Kingdom,K02000001,2020-06-27,653,282969,648,282857,5,112
overview,United Kingdom,K02000001,2020-06-26,666,282316,665,282209,1,107
overview,United Kingdom,K02000001,2020-06-25,726,281650,724,281544,2,106
overview,United Kingdom,K02000001,2020-06-24,777,280924,774,280820,3,104
overview,United Kingdom,K02000001,2020-06-23,883,280147,877,280046,6,101
overview,United Kingdom,K02000001,2020-06-22,899,279264,892,279169,7,95
overview,United Kingdom,K02000001,2020-06-21,636,278365,634,278277,2,88
overview,United Kingdom,K02000001,2020-06-20,683,277729,681,277643,2,86
overview,United Kingdom,K02000001,2020-06-19,993,277046,988,276962,5,84
overview,United Kingdom,K02000001,2020-06-18,1022,276053,1022,275974,0,79
overview,United Kingdom,K02000001,2020-06-17,1017,275031,1012,274952,5,79
overview,United Kingdom,K02000001,2020-06-16,1103,274014,1098,273940,5,74
overview,United Kingdom,K02000001,2020-06-15,1045,272911,1043,272842,2,69
overview,United Kingdom,K02000001,2020-06-14,826,271866,826,271799,0,67
overview,United Kingdom,K02000001,2020-06-13,886,271040,884,270973,2,67
overview,United Kingdom,K02000001,2020-06-12,1053,270154,1052,270089,1,65
overview,United Kingdom,K02000001,2020-06-11,1013,269101,1006,269037,7,64
overview,United Kingdom,K02000001,2020-06-10,1196,268088,1193,268031,3,57
overview,United Kingdom,K02000001,2020-06-09,1165,266892,1162,266838,3,54
overview,United Kingdom,K02000001,2020-06-08,1099,265727,1097,265676,2,51
overview,United Kingdom,K02000001,2020-06-07,722,264628,721,264579,1,49
overview,United Kingdom,K02000001,2020-06-06,804,263906,801,263858,3,48
overview,United Kingdom,K02000001,2020-06-05,1123,263102,1120,263057,3,45
overview,United Kingdom,K02000001,2020-06-04,1249,261979,1248,261937,1,42
overview,United Kingdom,K02000001,2020-06-03,1369,260730,1365,260689,4,41
overview,United Kingdom,K02000001,2020-06-02,1492,259361,1489,259324,3,37
overview,United Kingdom,K02000001,2020-06-01,1439,257869,1438,257835,1,34
overview,United Kingdom,K02000001,2020-05-31,1080,256430,1080,256397,0,33
overview,United Kingdom,K02000001,2020-05-30,1132,255350,1129,255317,3,33
overview,United Kingdom,K02000001,2020-05-29,1531,254218,1528,254188,3,30
overview,United Kingdom,K02000001,2020-05-28,1757,252687,1753,252660,4,27
overview,United Kingdom,K02000001,2020-05-27,1825,250930,1823,250907,2,23
overview,United Kingdom,K02000001,2020-05-26,2070,249105,2069,249084,1,21
overview,United Kingdom,K02000001,2020-05-25,1625,247035,1622,247015,3,20
overview,United Kingdom,K02000001,2020-05-24,1373,245410,1370,245393,3,17
overview,United Kingdom,K02000001,2020-05-23,1532,244037,1529,244023,3,14
overview,United Kingdom,K02000001,2020-05-22,2057,242505,2056,242494,1,11
overview,United Kingdom,K02000001,2020-05-21,2567,240448,2565,240438,2,10
overview,United Kingdom,K02000001,2020-05-20,2719,237881,2719,237873,0,8
overview,United Kingdom,K02000001,2020-05-19,3063,235162,3060,235154,3,8
overview,United Kingdom,K02000001,2020-05-18,2581,232099,2577,232094,4,5
overview,United Kingdom,K02000001,2020-05-17,1837,229518,1837,229517,0,1
overview,United Kingdom,K02000001,2020-05-16,2082,227681,2081,227680,1,1
overview,United Kingdom,K02000001,2020-05-15,2530,225599,2530,225599,,
overview,United Kingdom,K02000001,2020-05-14,2630,223069,2630,223069,,
overview,United Kingdom,K02000001,2020-05-13,3330,220439,3330,220439,,
overview,United Kingdom,K02000001,2020-05-12,3410,217109,3410,217109,,
overview,United Kingdom,K02000001,2020-05-11,3612,213699,3612,213699,,
overview,United Kingdom,K02000001,2020-05-10,2337,210087,2337,210087,,
overview,United Kingdom,K02000001,2020-05-09,2170,207750,2170,207750,,
overview,United Kingdom,K02000001,2020-05-08,3064,205580,3064,205580,,
overview,United Kingdom,K02000001,2020-05-07,3787,202516,3787,202516,,
overview,United Kingdom,K02000001,2020-05-06,3832,198729,3832,198729,,
overview,United Kingdom,K02000001,2020-05-05,3686,194897,3686,194897,,
overview,United Kingdom,K02000001,2020-05-04,3398,191211,3398,191211,,
overview,United Kingdom,K02000001,2020-05-03,3002,187813,3002,187813,,
overview,United Kingdom,K02000001,2020-05-02,3258,184811,3258,184811,,
overview,United Kingdom,K02000001,2020-05-01,4766,181553,4766,181553,,
overview,United Kingdom,K02000001,2020-04-30,4961,176787,4961,176787,,
overview,United Kingdom,K02000001,2020-04-29,5433,171826,5433,171826,,
overview,United Kingdom,K02000001,2020-04-28,4719,166393,4719,166393,,
overview,United Kingdom,K02000001,2020-04-27,4739,161674,4739,161674,,
overview,United Kingdom,K02000001,2020-04-26,3476,156935,3476,156935,,
overview,United Kingdom,K02000001,2020-04-25,3757,153459,3757,153459,,
overview,United Kingdom,K02000001,2020-04-24,4961,149702,4961,149702,,
overview,United Kingdom,K02000001,2020-04-23,5167,144741,5167,144741,,
overview,United Kingdom,K02000001,2020-04-22,5517,139574,5517,139574,,
overview,United Kingdom,K02000001,2020-04-21,4795,134057,4795,134057,,
overview,United Kingdom,K02000001,2020-04-20,4441,129262,4441,129262,,
overview,United Kingdom,K02000001,2020-04-19,3881,124821,3881,124821,,
overview,United Kingdom,K02000001,2020-04-18,4744,120940,4744,120940,,
overview,United Kingdom,K02000001,2020-04-17,4977,116196,4977,116196,,
overview,United Kingdom,K02000001,2020-04-16,5292,111219,5292,111219,,
overview,United Kingdom,K02000001,2020-04-15,5070,105927,5070,105927,,
overview,United Kingdom,K02000001,2020-04-14,4335,100857,4335,100857,,
overview,United Kingdom,K02000001,2020-04-13,4203,96522,4203,96522,,
overview,United Kingdom,K02000001,2020-04-12,3507,92319,3507,92319,,
overview,United Kingdom,K02000001,2020-04-11,3585,88812,3585,88812,,
overview,United Kingdom,K02000001,2020-04-10,4327,85227,4327,85227,,
overview,United Kingdom,K02000001,2020-04-09,4875,80900,4875,80900,,
overview,United Kingdom,K02000001,2020-04-08,5146,76025,5146,76025,,
overview,United Kingdom,K02000001,2020-04-07,5477,70879,5477,70879,,
overview,United Kingdom,K02000001,2020-04-06,5273,65402,5273,65402,,
overview,United Kingdom,K02000001,2020-04-05,3556,60129,3556,60129,,
overview,United Kingdom,K02000001,2020-04-04,3976,56573,3976,56573,,
overview,United Kingdom,K02000001,2020-04-03,4852,52597,4852,52597,,
overview,United Kingdom,K02000001,2020-04-02,4824,47745,4824,47745,,
overview,United Kingdom,K02000001,2020-04-01,4891,42921,4891,42921,,
overview,United Kingdom,K02000001,2020-03-31,4463,38030,4463,38030,,
overview,United Kingdom,K02000001,2020-03-30,4195,33567,4195,33567,,
overview,United Kingdom,K02000001,2020-03-29,2818,29372,2818,29372,,
overview,United Kingdom,K02000001,2020-03-28,2774,26554,2774,26554,,
overview,United Kingdom,K02000001,2020-03-27,3154,23780,3154,23780,,
overview,United Kingdom,K02000001,2020-03-26,3039,20626,3039,20626,,
overview,United Kingdom,K02000001,2020-03-25,2666,17587,2666,17587,,
overview,United Kingdom,K02000001,2020-03-24,2354,14921,2354,14921,,
overview,United Kingdom,K02000001,2020-03-23,2290,12567,2290,12567,,
overview,United Kingdom,K02000001,2020-03-22,1363,10277,1363,10277,,
overview,United Kingdom,K02000001,2020-03-21,1181,8914,1181,8914,,
overview,United Kingdom,K02000001,2020-03-20,1252,7733,1252,7733,,
overview,United Kingdom,K02000001,2020-03-19,1042,6481,1042,6481,,
overview,United Kingdom,K02000001,2020-03-18,981,5439,981,5439,,
overview,United Kingdom,K02000001,2020-03-17,783,4458,783,4458,,
overview,United Kingdom,K02000001,2020-03-16,602,3675,602,3675,,
overview,United Kingdom,K02000001,2020-03-15,441,3073,441,3073,,
overview,United Kingdom,K02000001,2020-03-14,352,2632,352,2632,,
overview,United Kingdom,K02000001,2020-03-13,478,2280,478,2280,,
overview,United Kingdom,K02000001,2020-03-12,484,1802,484,1802,,
overview,United Kingdom,K02000001,2020-03-11,403,1318,403,1318,,
overview,United Kingdom,K02000001,2020-03-10,265,915,265,915,,
overview,United Kingdom,K02000001,2020-03-09,148,650,148,650,,
overview,United Kingdom,K02000001,2020-03-08,55,502,55,502,,
overview,United Kingdom,K02000001,2020-03-07,68,447,68,447,,
overview,United Kingdom,K02000001,2020-03-06,83,379,83,379,,
overview,United Kingdom,K02000001,2020-03-05,49,296,49,296,,
overview,United Kingdom,K02000001,2020-03-04,56,247,56,247,,
overview,United Kingdom,K02000001,2020-03-03,57,191,57,191,,
overview,United Kingdom,K02000001,2020-03-02,41,134,41,134,,
overview,United Kingdom,K02000001,2020-03-01,20,93,20,93,,
overview,United Kingdom,K02000001,2020-02-29,4,73,4,73,,
overview,United Kingdom,K02000001,2020-02-28,12,69,12,69,,
overview,United Kingdom,K02000001,2020-02-27,8,57,8,57,,
overview,United Kingdom,K02000001,2020-02-26,2,49,2,49,,
overview,United Kingdom,K02000001,2020-02-25,3,47,3,47,,
overview,United Kingdom,K02000001,2020-02-24,2,44,2,44,,
overview,United Kingdom,K02000001,2020-02-23,6,42,6,42,,
overview,United Kingdom,K02000001,2020-02-22,0,36,0,36,,
overview,United Kingdom,K02000001,2020-02-21,2,36,2,36,,
overview,United Kingdom,K02000001,2020-02-20,0,34,0,34,,
overview,United Kingdom,K02000001,2020-02-19,0,34,0,34,,
overview,United Kingdom,K02000001,2020-02-18,0,34,0,34,,
overview,United Kingdom,K02000001,2020-02-17,1,34,1,34,,
overview,United Kingdom,K02000001,2020-02-16,0,33,0,33,,
overview,United Kingdom,K02000001,2020-02-15,0,33,0,33,,
overview,United Kingdom,K02000001,2020-02-14,0,33,0,33,,
overview,United Kingdom,K02000001,2020-02-13,1,33,1,33,,
overview,United Kingdom,K02000001,2020-02-12,1,32,1,32,,
overview,United Kingdom,K02000001,2020-02-11,4,31,4,31,,
overview,United Kingdom,K02000001,2020-02-10,1,27,1,27,,
overview,United Kingdom,K02000001,2020-02-09,1,26,1,26,,
overview,United Kingdom,K02000001,2020-02-08,3,25,3,25,,
overview,United Kingdom,K02000001,2020-02-07,0,22,0,22,,
overview,United Kingdom,K02000001,2020-02-06,0,22,0,22,,
overview,United Kingdom,K02000001,2020-02-05,1,22,1,22,,
overview,United Kingdom,K02000001,2020-02-04,0,21,0,21,,
overview,United Kingdom,K02000001,2020-02-03,19,21,19,21,,
overview,United Kingdom,K02000001,2020-02-02,1,2,1,2,,
overview,United Kingdom,K02000001,2020-02-01,0,1,0,1,,
overview,United Kingdom,K02000001,2020-01-31,0,1,0,1,,
overview,United Kingdom,K02000001,2020-01-30,1,1,1,1,,
