Date,New Daily Cases,New Daily Cases (cumulative),New Daily Deaths,New Daily Deaths (cumulative),New Hospital Admissions,New Hospital Admissions (cumulative),"New Vaccinations, 1st dose","New Vaccinations, 1st dose (cumulative)","New Vaccinations, 2nd dose","New Vaccinations, 2nd dose (cumulative)"
2020-01-30,,,1.0,1.0,,,,,,
2020-01-30,1.0,1.0,,,,,,,,
2020-01-31,,,0.0,1.0,,,,,,
2020-01-31,0.0,1.0,,,,,,,,
2020-02-01,0.0,1.0,,,,,,,,
2020-02-01,,,0.0,1.0,,,,,,
2020-02-02,,,1.0,2.0,,,,,,
2020-02-02,1.0,2.0,,,,,,,,
2020-02-03,,,0.0,2.0,,,,,,
2020-02-03,19.0,21.0,,,,,,,,
2020-02-04,0.0,21.0,,,,,,,,
2020-02-04,,,0.0,2.0,,,,,,
2020-02-05,1.0,22.0,,,,,,,,
2020-02-05,,,0.0,2.0,,,,,,
2020-02-06,0.0,22.0,,,,,,,,
2020-02-06,,,0.0,2.0,,,,,,
2020-02-07,0.0,22.0,,,,,,,,
2020-02-07,,,0.0,2.0,,,,,,
2020-02-08,,,0.0,2.0,,,,,,
2020-02-08,3.0,25.0,,,,,,,,
2020-02-09,1.0,26.0,,,,,,,,
2020-02-09,,,0.0,2.0,,,,,,
2020-02-10,1.0,27.0,,,,,,,,
2020-02-10,,,0.0,2.0,,,,,,
2020-02-11,,,0.0,2.0,,,,,,
2020-02-11,4.0,31.0,,,,,,,,
2020-02-12,1.0,32.0,,,,,,,,
2020-02-12,,,0.0,2.0,,,,,,
2020-02-13,1.0,33.0,,,,,,,,
2020-02-13,,,0.0,2.0,,,,,,
2020-02-14,,,0.0,2.0,,,,,,
2020-02-14,0.0,33.0,,,,,,,,
2020-02-15,,,0.0,2.0,,,,,,
2020-02-15,0.0,33.0,,,,,,,,
2020-02-16,,,0.0,2.0,,,,,,
2020-02-16,0.0,33.0,,,,,,,,
2020-02-17,1.0,34.0,,,,,,,,
2020-02-17,,,0.0,2.0,,,,,,
2020-02-18,,,0.0,2.0,,,,,,
2020-02-18,0.0,34.0,,,,,,,,
2020-02-19,,,0.0,2.0,,,,,,
2020-02-19,0.0,34.0,,,,,,,,
2020-02-20,0.0,34.0,,,,,,,,
2020-02-20,,,0.0,2.0,,,,,,
2020-02-21,2.0,36.0,,,,,,,,
2020-02-21,,,0.0,2.0,,,,,,
2020-02-22,,,1.0,3.0,,,,,,
2020-02-22,0.0,36.0,,,,,,,,
2020-02-23,6.0,42.0,,,,,,,,
2020-02-23,,,0.0,3.0,,,,,,
2020-02-24,2.0,44.0,,,,,,,,
2020-02-24,,,0.0,3.0,,,,,,
2020-02-25,3.0,47.0,,,,,,,,
2020-02-25,,,0.0,3.0,,,,,,
2020-02-26,,,0.0,3.0,,,,,,
2020-02-26,2.0,49.0,,,,,,,,
2020-02-27,8.0,57.0,,,,,,,,
2020-02-27,,,0.0,3.0,,,,,,
2020-02-28,12.0,69.0,,,,,,,,
2020-02-28,,,0.0,3.0,,,,,,
2020-02-29,,,0.0,3.0,,,,,,
2020-02-29,4.0,73.0,,,,,,,,
2020-03-01,,,0.0,3.0,,,,,,
2020-03-01,20.0,93.0,,,,,,,,
2020-03-02,41.0,134.0,,,,,,,,
2020-03-02,,,1.0,4.0,,,,,,
2020-03-03,57.0,191.0,,,,,,,,
2020-03-03,,,0.0,4.0,,,,,,
2020-03-04,56.0,247.0,,,,,,,,
2020-03-04,,,1.0,5.0,,,,,,
2020-03-05,49.0,296.0,,,,,,,,
2020-03-05,,,2.0,7.0,,,,,,
2020-03-06,83.0,379.0,,,,,,,,
2020-03-06,,,2.0,9.0,,,,,,
2020-03-07,,,0.0,9.0,,,,,,
2020-03-07,68.0,447.0,,,,,,,,
2020-03-08,,,2.0,11.0,,,,,,
2020-03-08,55.0,502.0,,,,,,,,
2020-03-09,,,5.0,16.0,,,,,,
2020-03-09,148.0,650.0,,,,,,,,
2020-03-10,265.0,915.0,,,,,,,,
2020-03-10,,,3.0,19.0,,,,,,
2020-03-11,403.0,1318.0,,,,,,,,
2020-03-11,,,7.0,26.0,,,,,,
2020-03-12,484.0,1802.0,,,,,,,,
2020-03-12,,,13.0,39.0,,,,,,
2020-03-13,,,16.0,55.0,,,,,,
2020-03-13,478.0,2280.0,,,,,,,,
2020-03-14,,,21.0,76.0,,,,,,
2020-03-14,352.0,2632.0,,,,,,,,
2020-03-15,441.0,3073.0,,,,,,,,
2020-03-15,,,31.0,107.0,,,,,,
2020-03-16,,,51.0,158.0,,,,,,
2020-03-16,602.0,3675.0,,,,,,,,
2020-03-17,,,58.0,216.0,,,,,,
2020-03-17,783.0,4458.0,,,,,,,,
2020-03-18,,,73.0,289.0,,,,,,
2020-03-18,981.0,5439.0,,,,,,,,
2020-03-19,,,79.0,368.0,,,,,,
2020-03-19,1042.0,6481.0,,,,,,,,
2020-03-20,,,118.0,486.0,,,,,,
2020-03-20,1252.0,7733.0,,,,,,,,
2020-03-21,,,144.0,630.0,,,,,,
2020-03-21,1181.0,8914.0,,,,,,,,
2020-03-22,1363.0,10277.0,,,,,,,,
2020-03-22,,,183.0,813.0,,,,,,
2020-03-23,,,208.0,1021.0,,,,,,
2020-03-23,2290.0,12567.0,,,1273.0,4874.0,,,,
2020-03-24,2354.0,14921.0,,,1718.0,6592.0,,,,
2020-03-24,,,263.0,1284.0,,,,,,
2020-03-25,2666.0,17587.0,,,2087.0,8679.0,,,,
2020-03-25,,,337.0,1621.0,,,,,,
2020-03-26,3039.0,20626.0,,,1931.0,10610.0,,,,
2020-03-26,,,413.0,2034.0,,,,,,
2020-03-27,,,463.0,2497.0,,,,,,
2020-03-27,3154.0,23780.0,,,2229.0,12839.0,,,,
2020-03-28,2774.0,26554.0,,,2196.0,15035.0,,,,
2020-03-28,,,516.0,3013.0,,,,,,
2020-03-29,2818.0,29372.0,,,2492.0,17527.0,,,,
2020-03-29,,,586.0,3599.0,,,,,,
2020-03-30,4195.0,33567.0,,,3189.0,20716.0,,,,
2020-03-30,,,711.0,4310.0,,,,,,
2020-03-31,4463.0,38030.0,,,2834.0,23550.0,,,,
2020-03-31,,,831.0,5141.0,,,,,,
2020-04-01,4891.0,42921.0,,,3565.0,27115.0,,,,
2020-04-01,,,924.0,6065.0,,,,,,
2020-04-02,,,1007.0,7072.0,,,,,,
2020-04-02,4824.0,47745.0,,,3284.0,30399.0,,,,
2020-04-03,,,1061.0,8133.0,,,,,,
2020-04-03,4852.0,52597.0,,,2932.0,33331.0,,,,
2020-04-04,3976.0,56573.0,,,2922.0,36253.0,,,,
2020-04-04,,,1147.0,9280.0,,,,,,
2020-04-05,3556.0,60129.0,,,2913.0,39166.0,,,,
2020-04-05,,,1220.0,10500.0,,,,,,
2020-04-06,5273.0,65402.0,,,3047.0,42213.0,,,,
2020-04-06,,,1170.0,11670.0,,,,,,
2020-04-07,,,1293.0,12963.0,,,,,,
2020-04-07,5477.0,70879.0,,,3150.0,45363.0,,,,
2020-04-08,5146.0,76025.0,,,2966.0,48329.0,,,,
2020-04-08,,,1461.0,14424.0,,,,,,
2020-04-09,4875.0,80900.0,,,2631.0,50960.0,,,,
2020-04-09,,,1375.0,15799.0,,,,,,
2020-04-10,4327.0,85227.0,,,2461.0,53421.0,,,,
2020-04-10,,,1319.0,17118.0,,,,,,
2020-04-11,3585.0,88812.0,,,2163.0,55584.0,,,,
2020-04-11,,,1365.0,18483.0,,,,,,
2020-04-12,3507.0,92319.0,,,2066.0,57650.0,,,,
2020-04-12,,,1378.0,19861.0,,,,,,
2020-04-13,4203.0,96522.0,,,2162.0,59812.0,,,,
2020-04-13,,,1232.0,21093.0,,,,,,
2020-04-14,,,1254.0,22347.0,,,,,,
2020-04-14,4335.0,100857.0,,,2088.0,61900.0,,,,
2020-04-15,,,1276.0,23623.0,,,,,,
2020-04-15,5070.0,105927.0,,,1880.0,63780.0,,,,
2020-04-16,,,1322.0,24945.0,,,,,,
2020-04-16,5292.0,111219.0,,,2011.0,65791.0,,,,
2020-04-17,4977.0,116196.0,,,1966.0,67757.0,,,,
2020-04-17,,,1272.0,26217.0,,,,,,
2020-04-18,4744.0,120940.0,,,1630.0,69387.0,,,,
2020-04-18,,,1189.0,27406.0,,,,,,
2020-04-19,3881.0,124821.0,,,1657.0,71044.0,,,,
2020-04-19,,,1122.0,28528.0,,,,,,
2020-04-20,,,1160.0,29688.0,,,,,,
2020-04-20,4441.0,129262.0,,,1736.0,72780.0,,,,
2020-04-21,,,1085.0,30773.0,,,,,,
2020-04-21,4795.0,134057.0,,,1712.0,74492.0,,,,
2020-04-22,5517.0,139574.0,,,1530.0,76022.0,,,,
2020-04-22,,,1102.0,31875.0,,,,,,
2020-04-23,,,1038.0,32913.0,,,,,,
2020-04-23,5167.0,144741.0,,,1512.0,77534.0,,,,
2020-04-24,,,1005.0,33918.0,,,,,,
2020-04-24,4961.0,149702.0,,,1525.0,79059.0,,,,
2020-04-25,3757.0,153459.0,,,1253.0,80312.0,,,,
2020-04-25,,,919.0,34837.0,,,,,,
2020-04-26,,,894.0,35731.0,,,,,,
2020-04-26,3476.0,156935.0,,,1355.0,81667.0,,,,
2020-04-27,,,866.0,36597.0,,,,,,
2020-04-27,4739.0,161674.0,,,1536.0,83203.0,,,,
2020-04-28,,,801.0,37398.0,,,,,,
2020-04-28,4719.0,166393.0,,,1518.0,84721.0,,,,
2020-04-29,,,817.0,38215.0,,,,,,
2020-04-29,5433.0,171826.0,,,1488.0,86209.0,,,,
2020-04-30,,,780.0,38995.0,,,,,,
2020-04-30,4961.0,176787.0,,,1442.0,87651.0,,,,
2020-05-01,,,786.0,39781.0,,,,,,
2020-05-01,4766.0,181553.0,,,1262.0,88913.0,,,,
2020-05-02,,,705.0,40486.0,,,,,,
2020-05-02,3258.0,184811.0,,,1180.0,90093.0,,,,
2020-05-03,,,662.0,41148.0,,,,,,
2020-05-03,3002.0,187813.0,,,1188.0,91281.0,,,,
2020-05-04,3398.0,191211.0,,,1249.0,92530.0,,,,
2020-05-04,,,676.0,41824.0,,,,,,
2020-05-05,3686.0,194897.0,,,1146.0,93676.0,,,,
2020-05-05,,,642.0,42466.0,,,,,,
2020-05-06,3832.0,198729.0,,,1204.0,94880.0,,,,
2020-05-06,,,627.0,43093.0,,,,,,
2020-05-07,3787.0,202516.0,,,1166.0,96046.0,,,,
2020-05-07,,,631.0,43724.0,,,,,,
2020-05-08,3064.0,205580.0,,,909.0,96955.0,,,,
2020-05-08,,,569.0,44293.0,,,,,,
2020-05-09,2170.0,207750.0,,,944.0,97899.0,,,,
2020-05-09,,,539.0,44832.0,,,,,,
2020-05-10,2337.0,210087.0,,,915.0,98814.0,,,,
2020-05-10,,,494.0,45326.0,,,,,,
2020-05-11,3612.0,213699.0,,,1029.0,99843.0,,,,
2020-05-11,,,428.0,45754.0,,,,,,
2020-05-12,3410.0,217109.0,,,983.0,100826.0,,,,
2020-05-12,,,441.0,46195.0,,,,,,
2020-05-13,,,454.0,46649.0,,,,,,
2020-05-13,3330.0,220439.0,,,966.0,101792.0,,,,
2020-05-14,2630.0,223069.0,,,908.0,102700.0,,,,
2020-05-14,,,465.0,47114.0,,,,,,
2020-05-15,2530.0,225599.0,,,868.0,103568.0,,,,
2020-05-15,,,421.0,47535.0,,,,,,
2020-05-16,,,419.0,47954.0,,,,,,
2020-05-16,2082.0,227681.0,,,813.0,104381.0,,,,
2020-05-17,1837.0,229518.0,,,792.0,105173.0,,,,
2020-05-17,,,377.0,48331.0,,,,,,
2020-05-18,2581.0,232099.0,,,848.0,106021.0,,,,
2020-05-18,,,407.0,48738.0,,,,,,
2020-05-19,3063.0,235162.0,,,880.0,106901.0,,,,
2020-05-19,,,372.0,49110.0,,,,,,
2020-05-20,,,353.0,49463.0,,,,,,
2020-05-20,2719.0,237881.0,,,850.0,107751.0,,,,
2020-05-21,,,342.0,49805.0,,,,,,
2020-05-21,2567.0,240448.0,,,841.0,108592.0,,,,
2020-05-22,,,300.0,50105.0,,,,,,
2020-05-22,2057.0,242505.0,,,740.0,109332.0,,,,
2020-05-23,1532.0,244037.0,,,643.0,109975.0,,,,
2020-05-23,,,284.0,50389.0,,,,,,
2020-05-24,1373.0,245410.0,,,587.0,110562.0,,,,
2020-05-24,,,281.0,50670.0,,,,,,
2020-05-25,1625.0,247035.0,,,602.0,111164.0,,,,
2020-05-25,,,279.0,50949.0,,,,,,
2020-05-26,,,300.0,51249.0,,,,,,
2020-05-26,2070.0,249105.0,,,698.0,111862.0,,,,
2020-05-27,1825.0,250930.0,,,712.0,112574.0,,,,
2020-05-27,,,282.0,51531.0,,,,,,
2020-05-28,,,288.0,51819.0,,,,,,
2020-05-28,1757.0,252687.0,,,702.0,113276.0,,,,
2020-05-29,,,254.0,52073.0,,,,,,
2020-05-29,1531.0,254218.0,,,614.0,113890.0,,,,
2020-05-30,1132.0,255350.0,,,568.0,114458.0,,,,
2020-05-30,,,219.0,52292.0,,,,,,
2020-05-31,,,195.0,52487.0,,,,,,
2020-05-31,1080.0,256430.0,,,528.0,114986.0,,,,
2020-06-01,1439.0,257869.0,,,605.0,115591.0,,,,
2020-06-01,,,199.0,52686.0,,,,,,
2020-06-02,,,233.0,52919.0,,,,,,
2020-06-02,1492.0,259361.0,,,668.0,116259.0,,,,
2020-06-03,,,203.0,53122.0,,,,,,
2020-06-03,1369.0,260730.0,,,632.0,116891.0,,,,
2020-06-04,,,183.0,53305.0,,,,,,
2020-06-04,1249.0,261979.0,,,564.0,117455.0,,,,
2020-06-05,,,184.0,53489.0,,,,,,
2020-06-05,1123.0,263102.0,,,475.0,117930.0,,,,
2020-06-06,804.0,263906.0,,,407.0,118337.0,,,,
2020-06-06,,,151.0,53640.0,,,,,,
2020-06-07,,,163.0,53803.0,,,,,,
2020-06-07,722.0,264628.0,,,406.0,118743.0,,,,
2020-06-08,1099.0,265727.0,,,412.0,119155.0,,,,
2020-06-08,,,161.0,53964.0,,,,,,
2020-06-09,1165.0,266892.0,,,491.0,119646.0,,,,
2020-06-09,,,137.0,54101.0,,,,,,
2020-06-10,,,166.0,54267.0,,,,,,
2020-06-10,1196.0,268088.0,,,511.0,120157.0,,,,
2020-06-11,,,121.0,54388.0,,,,,,
2020-06-11,1013.0,269101.0,,,446.0,120603.0,,,,
2020-06-12,,,135.0,54523.0,,,,,,
2020-06-12,1053.0,270154.0,,,393.0,120996.0,,,,
2020-06-13,886.0,271040.0,,,385.0,121381.0,,,,
2020-06-13,,,101.0,54624.0,,,,,,
2020-06-14,826.0,271866.0,,,364.0,121745.0,,,,
2020-06-14,,,136.0,54760.0,,,,,,
2020-06-15,,,107.0,54867.0,,,,,,
2020-06-15,1045.0,272911.0,,,439.0,122184.0,,,,
2020-06-16,,,120.0,54987.0,,,,,,
2020-06-16,1103.0,274014.0,,,455.0,122639.0,,,,
2020-06-17,,,105.0,55092.0,,,,,,
2020-06-17,1017.0,275031.0,,,431.0,123070.0,,,,
2020-06-18,,,90.0,55182.0,,,,,,
2020-06-18,1022.0,276053.0,,,402.0,123472.0,,,,
2020-06-19,993.0,277046.0,,,336.0,123808.0,,,,
2020-06-19,,,88.0,55270.0,,,,,,
2020-06-20,683.0,277729.0,,,258.0,124066.0,,,,
2020-06-20,,,87.0,55357.0,,,,,,
2020-06-21,636.0,278365.0,,,288.0,124354.0,,,,
2020-06-21,,,80.0,55437.0,,,,,,
2020-06-22,899.0,279264.0,,,392.0,124746.0,,,,
2020-06-22,,,83.0,55520.0,,,,,,
2020-06-23,883.0,280147.0,,,362.0,125108.0,,,,
2020-06-23,,,97.0,55617.0,,,,,,
2020-06-24,,,101.0,55718.0,,,,,,
2020-06-24,777.0,280924.0,,,367.0,125475.0,,,,
2020-06-25,726.0,281650.0,,,324.0,125799.0,,,,
2020-06-25,,,108.0,55826.0,,,,,,
2020-06-26,,,79.0,55905.0,,,,,,
2020-06-26,666.0,282316.0,,,338.0,126137.0,,,,
2020-06-27,,,73.0,55978.0,,,,,,
2020-06-27,653.0,282969.0,,,286.0,126423.0,,,,
2020-06-28,,,71.0,56049.0,,,,,,
2020-06-28,449.0,283418.0,,,208.0,126631.0,,,,
2020-06-29,,,69.0,56118.0,,,,,,
2020-06-29,724.0,284142.0,,,219.0,126850.0,,,,
2020-06-30,,,81.0,56199.0,,,,,,
2020-06-30,623.0,284765.0,,,296.0,127146.0,,,,
2020-07-01,652.0,285417.0,,,270.0,127416.0,,,,
2020-07-01,,,54.0,56253.0,,,,,,
2020-07-02,,,61.0,56314.0,,,,,,
2020-07-02,606.0,286023.0,,,216.0,127632.0,,,,
2020-07-03,568.0,286591.0,,,214.0,127846.0,,,,
2020-07-03,,,48.0,56362.0,,,,,,
2020-07-04,,,52.0,56414.0,,,,,,
2020-07-04,399.0,286990.0,,,202.0,128048.0,,,,
2020-07-05,,,52.0,56466.0,,,,,,
2020-07-05,558.0,287548.0,,,195.0,128243.0,,,,
2020-07-06,,,54.0,56520.0,,,,,,
2020-07-06,714.0,288262.0,,,203.0,128446.0,,,,
2020-07-07,,,43.0,56563.0,,,,,,
2020-07-07,609.0,288871.0,,,215.0,128661.0,,,,
2020-07-08,,,47.0,56610.0,,,,,,
2020-07-08,713.0,289584.0,,,207.0,128868.0,,,,
2020-07-09,722.0,290306.0,,,214.0,129082.0,,,,
2020-07-09,,,61.0,56671.0,,,,,,
2020-07-10,568.0,290874.0,,,175.0,129257.0,,,,
2020-07-10,,,44.0,56715.0,,,,,,
2020-07-11,459.0,291333.0,,,177.0,129434.0,,,,
2020-07-11,,,38.0,56753.0,,,,,,
2020-07-12,366.0,291699.0,,,114.0,129548.0,,,,
2020-07-12,,,32.0,56785.0,,,,,,
2020-07-13,740.0,292439.0,,,189.0,129737.0,,,,
2020-07-13,,,45.0,56830.0,,,,,,
2020-07-14,,,42.0,56872.0,,,,,,
2020-07-14,705.0,293144.0,,,186.0,129923.0,,,,
2020-07-15,777.0,293921.0,,,168.0,130091.0,,,,
2020-07-15,,,41.0,56913.0,,,,,,
2020-07-16,,,21.0,56934.0,,,,,,
2020-07-16,712.0,294633.0,,,166.0,130257.0,,,,
2020-07-17,,,34.0,56968.0,,,,,,
2020-07-17,582.0,295215.0,,,143.0,130400.0,,,,
2020-07-18,,,31.0,56999.0,,,,,,
2020-07-18,505.0,295720.0,,,105.0,130505.0,,,,
2020-07-19,448.0,296168.0,,,126.0,130631.0,,,,
2020-07-19,,,24.0,57023.0,,,,,,
2020-07-20,830.0,296998.0,,,130.0,130761.0,,,,
2020-07-20,,,31.0,57054.0,,,,,,
2020-07-21,,,31.0,57085.0,,,,,,
2020-07-21,788.0,297786.0,,,125.0,130886.0,,,,
2020-07-22,,,34.0,57119.0,,,,,,
2020-07-22,816.0,298602.0,,,158.0,131044.0,,,,
2020-07-23,,,36.0,57155.0,,,,,,
2020-07-23,808.0,299410.0,,,198.0,131242.0,,,,
2020-07-24,,,19.0,57174.0,,,,,,
2020-07-24,774.0,300184.0,,,159.0,131401.0,,,,
2020-07-25,,,23.0,57197.0,,,,,,
2020-07-25,530.0,300714.0,,,120.0,131521.0,,,,
2020-07-26,,,32.0,57229.0,,,,,,
2020-07-26,563.0,301277.0,,,109.0,131630.0,,,,
2020-07-27,869.0,302146.0,,,129.0,131759.0,,,,
2020-07-27,,,18.0,57247.0,,,,,,
2020-07-28,856.0,303002.0,,,119.0,131878.0,,,,
2020-07-28,,,26.0,57273.0,,,,,,
2020-07-29,1062.0,304064.0,,,131.0,132009.0,,,,
2020-07-29,,,28.0,57301.0,,,,,,
2020-07-30,946.0,305010.0,,,132.0,132141.0,,,,
2020-07-30,,,17.0,57318.0,,,,,,
2020-07-31,,,31.0,57349.0,,,,,,
2020-07-31,697.0,305707.0,,,114.0,132255.0,,,,
2020-08-01,,,20.0,57369.0,,,,,,
2020-08-01,559.0,306266.0,,,128.0,132383.0,,,,
2020-08-02,,,17.0,57386.0,,,,,,
2020-08-02,564.0,306830.0,,,93.0,132476.0,,,,
2020-08-03,1060.0,307890.0,,,109.0,132585.0,,,,
2020-08-03,,,23.0,57409.0,,,,,,
2020-08-04,,,27.0,57436.0,,,,,,
2020-08-04,1065.0,308955.0,,,125.0,132710.0,,,,
2020-08-05,,,13.0,57449.0,,,,,,
2020-08-05,1092.0,310047.0,,,138.0,132848.0,,,,
2020-08-06,,,21.0,57470.0,,,,,,
2020-08-06,1105.0,311152.0,,,100.0,132948.0,,,,
2020-08-07,973.0,312125.0,,,117.0,133065.0,,,,
2020-08-07,,,24.0,57494.0,,,,,,
2020-08-08,710.0,312835.0,,,140.0,133205.0,,,,
2020-08-08,,,22.0,57516.0,,,,,,
2020-08-09,627.0,313462.0,,,106.0,133311.0,,,,
2020-08-09,,,19.0,57535.0,,,,,,
2020-08-10,,,25.0,57560.0,,,,,,
2020-08-10,1499.0,314961.0,,,86.0,133397.0,,,,
2020-08-11,1378.0,316339.0,,,114.0,133511.0,,,,
2020-08-11,,,20.0,57580.0,,,,,,
2020-08-12,1242.0,317581.0,,,101.0,133612.0,,,,
2020-08-12,,,24.0,57604.0,,,,,,
2020-08-13,1156.0,318737.0,,,129.0,133741.0,,,,
2020-08-13,,,23.0,57627.0,,,,,,
2020-08-14,1185.0,319922.0,,,100.0,133841.0,,,,
2020-08-14,,,18.0,57645.0,,,,,,
2020-08-15,714.0,320636.0,,,99.0,133940.0,,,,
2020-08-15,,,23.0,57668.0,,,,,,
2020-08-16,,,15.0,57683.0,,,,,,
2020-08-16,602.0,321238.0,,,80.0,134020.0,,,,
2020-08-17,,,21.0,57704.0,,,,,,
2020-08-17,1298.0,322536.0,,,95.0,134115.0,,,,
2020-08-18,1116.0,323652.0,,,128.0,134243.0,,,,
2020-08-18,,,15.0,57719.0,,,,,,
2020-08-19,1282.0,324934.0,,,113.0,134356.0,,,,
2020-08-19,,,13.0,57732.0,,,,,,
2020-08-20,,,16.0,57748.0,,,,,,
2020-08-20,1498.0,326432.0,,,98.0,134454.0,,,,
2020-08-21,1218.0,327650.0,,,109.0,134563.0,,,,
2020-08-21,,,10.0,57758.0,,,,,,
2020-08-22,,,12.0,57770.0,,,,,,
2020-08-22,842.0,328492.0,,,73.0,134636.0,,,,
2020-08-23,831.0,329323.0,,,74.0,134710.0,,,,
2020-08-23,,,17.0,57787.0,,,,,,
2020-08-24,1301.0,330624.0,,,91.0,134801.0,,,,
2020-08-24,,,10.0,57797.0,,,,,,
2020-08-25,,,22.0,57819.0,,,,,,
2020-08-25,1270.0,331894.0,,,119.0,134920.0,,,,
2020-08-26,1388.0,333282.0,,,130.0,135050.0,,,,
2020-08-26,,,16.0,57835.0,,,,,,
2020-08-27,1591.0,334873.0,,,152.0,135202.0,,,,
2020-08-27,,,12.0,57847.0,,,,,,
2020-08-28,1632.0,336505.0,,,138.0,135340.0,,,,
2020-08-28,,,12.0,57859.0,,,,,,
2020-08-29,1230.0,337735.0,,,110.0,135450.0,,,,
2020-08-29,,,8.0,57867.0,,,,,,
2020-08-30,1171.0,338906.0,,,77.0,135527.0,,,,
2020-08-30,,,11.0,57878.0,,,,,,
2020-08-31,,,18.0,57896.0,,,,,,
2020-08-31,1513.0,340419.0,,,90.0,135617.0,,,,
2020-09-01,,,11.0,57907.0,,,,,,
2020-09-01,2288.0,342707.0,,,134.0,135751.0,,,,
2020-09-02,,,15.0,57922.0,,,,,,
2020-09-02,3077.0,345784.0,,,145.0,135896.0,,,,
2020-09-03,,,9.0,57931.0,,,,,,
2020-09-03,3152.0,348936.0,,,146.0,136042.0,,,,
2020-09-04,3092.0,352028.0,,,154.0,136196.0,,,,
2020-09-04,,,15.0,57946.0,,,,,,
2020-09-05,,,14.0,57960.0,,,,,,
2020-09-05,2551.0,354579.0,,,130.0,136326.0,,,,
2020-09-06,2465.0,357044.0,,,137.0,136463.0,,,,
2020-09-06,,,13.0,57973.0,,,,,,
2020-09-07,3931.0,360975.0,,,145.0,136608.0,,,,
2020-09-07,,,24.0,57997.0,,,,,,
2020-09-08,,,16.0,58013.0,,,,,,
2020-09-08,3370.0,364345.0,,,184.0,136792.0,,,,
2020-09-09,,,14.0,58027.0,,,,,,
2020-09-09,3365.0,367710.0,,,203.0,136995.0,,,,
2020-09-10,3628.0,371338.0,,,217.0,137212.0,,,,
2020-09-10,,,16.0,58043.0,,,,,,
2020-09-11,,,20.0,58063.0,,,,,,
2020-09-11,3324.0,374662.0,,,230.0,137442.0,,,,
2020-09-12,,,23.0,58086.0,,,,,,
2020-09-12,2670.0,377332.0,,,217.0,137659.0,,,,
2020-09-13,2154.0,379486.0,,,227.0,137886.0,,,,
2020-09-13,,,20.0,58106.0,,,,,,
2020-09-14,,,21.0,58127.0,,,,,,
2020-09-14,3428.0,382914.0,,,257.0,138143.0,,,,
2020-09-15,3551.0,386465.0,,,268.0,138411.0,,,,
2020-09-15,,,26.0,58153.0,,,,,,
2020-09-16,4399.0,390864.0,,,281.0,138692.0,,,,
2020-09-16,,,31.0,58184.0,,,,,,
2020-09-17,4675.0,395539.0,,,264.0,138956.0,,,,
2020-09-17,,,38.0,58222.0,,,,,,
2020-09-18,4973.0,400512.0,,,262.0,139218.0,,,,
2020-09-18,,,30.0,58252.0,,,,,,
2020-09-19,4889.0,405401.0,,,261.0,139479.0,,,,
2020-09-19,,,25.0,58277.0,,,,,,
2020-09-20,,,40.0,58317.0,,,,,,
2020-09-20,5340.0,410741.0,,,288.0,139767.0,,,,
2020-09-21,,,30.0,58347.0,,,,,,
2020-09-21,5627.0,416368.0,,,371.0,140138.0,,,,
2020-09-22,6441.0,422809.0,,,350.0,140488.0,,,,
2020-09-22,,,39.0,58386.0,,,,,,
2020-09-23,,,58.0,58444.0,,,,,,
2020-09-23,7096.0,429905.0,,,422.0,140910.0,,,,
2020-09-24,7682.0,437587.0,,,423.0,141333.0,,,,
2020-09-24,,,34.0,58478.0,,,,,,
2020-09-25,,,40.0,58518.0,,,,,,
2020-09-25,7318.0,444905.0,,,382.0,141715.0,,,,
2020-09-26,,,47.0,58565.0,,,,,,
2020-09-26,6810.0,451715.0,,,351.0,142066.0,,,,
2020-09-27,,,56.0,58621.0,,,,,,
2020-09-27,7023.0,458738.0,,,342.0,142408.0,,,,
2020-09-28,,,55.0,58676.0,,,,,,
2020-09-28,9983.0,468721.0,,,444.0,142852.0,,,,
2020-09-29,10367.0,479088.0,,,440.0,143292.0,,,,
2020-09-29,,,48.0,58724.0,,,,,,
2020-09-30,,,61.0,58785.0,,,,,,
2020-09-30,12717.0,491805.0,,,451.0,143743.0,,,,
2020-10-01,13358.0,505163.0,,,528.0,144271.0,,,,
2020-10-01,,,71.0,58856.0,,,,,,
2020-10-02,13854.0,519017.0,,,531.0,144802.0,,,,
2020-10-02,,,74.0,58930.0,,,,,,
2020-10-03,11667.0,530684.0,,,536.0,145338.0,,,,
2020-10-03,,,70.0,59000.0,,,,,,
2020-10-04,11954.0,542638.0,,,633.0,145971.0,,,,
2020-10-04,,,63.0,59063.0,,,,,,
2020-10-05,,,68.0,59131.0,,,,,,
2020-10-05,16755.0,559393.0,,,631.0,146602.0,,,,
2020-10-06,17250.0,576643.0,,,725.0,147327.0,,,,
2020-10-06,,,84.0,59215.0,,,,,,
2020-10-07,18575.0,595218.0,,,692.0,148019.0,,,,
2020-10-07,,,110.0,59325.0,,,,,,
2020-10-08,18427.0,613645.0,,,715.0,148734.0,,,,
2020-10-08,,,97.0,59422.0,,,,,,
2020-10-09,15903.0,629548.0,,,708.0,149442.0,,,,
2020-10-09,,,96.0,59518.0,,,,,,
2020-10-10,,,107.0,59625.0,,,,,,
2020-10-10,12652.0,642200.0,,,723.0,150165.0,,,,
2020-10-11,,,128.0,59753.0,,,,,,
2020-10-11,12213.0,654413.0,,,825.0,150990.0,,,,
2020-10-12,19710.0,674123.0,,,888.0,151878.0,,,,
2020-10-12,,,120.0,59873.0,,,,,,
2020-10-13,,,119.0,59992.0,,,,,,
2020-10-13,19135.0,693258.0,,,1029.0,152907.0,,,,
2020-10-14,19933.0,713191.0,,,983.0,153890.0,,,,
2020-10-14,,,123.0,60115.0,,,,,,
2020-10-15,18639.0,731830.0,,,1044.0,154934.0,,,,
2020-10-15,,,152.0,60267.0,,,,,,
2020-10-16,,,162.0,60429.0,,,,,,
2020-10-16,17938.0,749768.0,,,925.0,155859.0,,,,
2020-10-17,14888.0,764656.0,,,1031.0,156890.0,,,,
2020-10-17,,,186.0,60615.0,,,,,,
2020-10-18,14330.0,778986.0,,,1091.0,157981.0,,,,
2020-10-18,,,167.0,60782.0,,,,,,
2020-10-19,25926.0,804912.0,,,1106.0,159087.0,,,,
2020-10-19,,,193.0,60975.0,,,,,,
2020-10-20,25680.0,830592.0,,,1191.0,160278.0,,,,
2020-10-20,,,210.0,61185.0,,,,,,
2020-10-21,25785.0,856377.0,,,1265.0,161543.0,,,,
2020-10-21,,,232.0,61417.0,,,,,,
2020-10-22,23497.0,879874.0,,,1283.0,162826.0,,,,
2020-10-22,,,242.0,61659.0,,,,,,
2020-10-23,,,225.0,61884.0,,,,,,
2020-10-23,21714.0,901588.0,,,1299.0,164125.0,,,,
2020-10-24,16464.0,918052.0,,,1262.0,165387.0,,,,
2020-10-24,,,219.0,62103.0,,,,,,
2020-10-25,15905.0,933957.0,,,1425.0,166812.0,,,,
2020-10-25,,,255.0,62358.0,,,,,,
2020-10-26,,,282.0,62640.0,,,,,,
2020-10-26,26807.0,960764.0,,,1541.0,168353.0,,,,
2020-10-27,,,285.0,62925.0,,,,,,
2020-10-27,24360.0,985124.0,,,1498.0,169851.0,,,,
2020-10-28,23907.0,1009031.0,,,1494.0,171345.0,,,,
2020-10-28,,,281.0,63206.0,,,,,,
2020-10-29,23649.0,1032680.0,,,1590.0,172935.0,,,,
2020-10-29,,,320.0,63526.0,,,,,,
2020-10-30,,,352.0,63878.0,,,,,,
2020-10-30,22896.0,1055576.0,,,1384.0,174319.0,,,,
2020-10-31,,,340.0,64218.0,,,,,,
2020-10-31,16702.0,1072278.0,,,1460.0,175779.0,,,,
2020-11-01,16001.0,1088279.0,,,1497.0,177276.0,,,,
2020-11-01,,,359.0,64577.0,,,,,,
2020-11-02,32003.0,1120282.0,,,1574.0,178850.0,,,,
2020-11-02,,,338.0,64915.0,,,,,,
2020-11-03,,,377.0,65292.0,,,,,,
2020-11-03,25989.0,1146271.0,,,1523.0,180373.0,,,,
2020-11-04,24055.0,1170326.0,,,1687.0,182060.0,,,,
2020-11-04,,,340.0,65632.0,,,,,,
2020-11-05,,,388.0,66020.0,,,,,,
2020-11-05,24102.0,1194428.0,,,1591.0,183651.0,,,,
2020-11-06,,,417.0,66437.0,,,,,,
2020-11-06,23714.0,1218142.0,,,1416.0,185067.0,,,,
2020-11-07,,,417.0,66854.0,,,,,,
2020-11-07,18784.0,1236926.0,,,1559.0,186626.0,,,,
2020-11-08,,,433.0,67287.0,,,,,,
2020-11-08,20252.0,1257178.0,,,1692.0,188318.0,,,,
2020-11-09,31556.0,1288734.0,,,1766.0,190084.0,,,,
2020-11-09,,,493.0,67780.0,,,,,,
2020-11-10,,,410.0,68190.0,,,,,,
2020-11-10,27828.0,1316562.0,,,1855.0,191939.0,,,,
2020-11-11,,,409.0,68599.0,,,,,,
2020-11-11,27792.0,1344354.0,,,1973.0,193912.0,,,,
2020-11-12,24876.0,1369230.0,,,1918.0,195830.0,,,,
2020-11-12,,,430.0,69029.0,,,,,,
2020-11-13,24438.0,1393668.0,,,1652.0,197482.0,,,,
2020-11-13,,,450.0,69479.0,,,,,,
2020-11-14,18258.0,1411926.0,,,1616.0,199098.0,,,,
2020-11-14,,,459.0,69938.0,,,,,,
2020-11-15,16258.0,1428184.0,,,1673.0,200771.0,,,,
2020-11-15,,,457.0,70395.0,,,,,,
2020-11-16,27006.0,1455190.0,,,1771.0,202542.0,,,,
2020-11-16,,,431.0,70826.0,,,,,,
2020-11-17,23531.0,1478721.0,,,1719.0,204261.0,,,,
2020-11-17,,,466.0,71292.0,,,,,,
2020-11-18,,,514.0,71806.0,,,,,,
2020-11-18,21118.0,1499839.0,,,1785.0,206046.0,,,,
2020-11-19,,,485.0,72291.0,,,,,,
2020-11-19,18074.0,1517913.0,,,1687.0,207733.0,,,,
2020-11-20,17134.0,1535047.0,,,1550.0,209283.0,,,,
2020-11-20,,,485.0,72776.0,,,,,,
2020-11-21,12556.0,1547603.0,,,1462.0,210745.0,,,,
2020-11-21,,,498.0,73274.0,,,,,,
2020-11-22,,,512.0,73786.0,,,,,,
2020-11-22,11913.0,1559516.0,,,1492.0,212237.0,,,,
2020-11-23,,,508.0,74294.0,,,,,,
2020-11-23,19082.0,1578598.0,,,1590.0,213827.0,,,,
2020-11-24,,,496.0,74790.0,,,,,,
2020-11-24,16705.0,1595303.0,,,1499.0,215326.0,,,,
2020-11-25,,,499.0,75289.0,,,,,,
2020-11-25,16857.0,1612160.0,,,1613.0,216939.0,,,,
2020-11-26,,,461.0,75750.0,,,,,,
2020-11-26,14817.0,1626977.0,,,1423.0,218362.0,,,,
2020-11-27,,,460.0,76210.0,,,,,,
2020-11-27,14597.0,1641574.0,,,1280.0,219642.0,,,,
2020-11-28,,,486.0,76696.0,,,,,,
2020-11-28,11105.0,1652679.0,,,1221.0,220863.0,,,,
2020-11-29,,,501.0,77197.0,,,,,,
2020-11-29,10874.0,1663553.0,,,1390.0,222253.0,,,,
2020-11-30,18265.0,1681818.0,,,1406.0,223659.0,,,,
2020-11-30,,,465.0,77662.0,,,,,,
2020-12-01,,,425.0,78087.0,,,,,,
2020-12-01,16746.0,1698564.0,,,1491.0,225150.0,,,,
2020-12-02,16748.0,1715312.0,,,1487.0,226637.0,,,,
2020-12-02,,,414.0,78501.0,,,,,,
2020-12-03,,,504.0,79005.0,,,,,,
2020-12-03,15926.0,1731238.0,,,1500.0,228137.0,,,,
2020-12-04,15866.0,1747104.0,,,1431.0,229568.0,,,,
2020-12-04,,,499.0,79504.0,,,,,,
2020-12-05,12917.0,1760021.0,,,1379.0,230947.0,,,,
2020-12-05,,,407.0,79911.0,,,,,,
2020-12-06,13765.0,1773786.0,,,1471.0,232418.0,,,,
2020-12-06,,,436.0,80347.0,,,,,,
2020-12-07,,,466.0,80813.0,,,,,,
2020-12-07,21645.0,1795431.0,,,1661.0,234079.0,,,,
2020-12-08,,,472.0,81285.0,,,,,,
2020-12-08,21096.0,1816527.0,,,1782.0,235861.0,,,,
2020-12-09,,,448.0,81733.0,,,,,,
2020-12-09,21937.0,1838464.0,,,1756.0,237617.0,,,,
2020-12-10,22927.0,1861391.0,,,1752.0,239369.0,,,,
2020-12-10,,,496.0,82229.0,,,,,,
2020-12-11,,,491.0,82720.0,,,,,,
2020-12-11,24425.0,1885816.0,,,1690.0,241059.0,,,,
2020-12-12,,,488.0,83208.0,,,,,,
2020-12-12,19592.0,1905408.0,,,1798.0,242857.0,,,,
2020-12-13,,,480.0,83688.0,,,,,,
2020-12-13,22279.0,1927687.0,,,1756.0,244613.0,,,,
2020-12-14,,,506.0,84194.0,,,,,,
2020-12-14,35221.0,1962908.0,,,1954.0,246567.0,,,,
2020-12-15,,,507.0,84701.0,,,,,,
2020-12-15,34414.0,1997322.0,,,1959.0,248526.0,,,,
2020-12-16,,,484.0,85185.0,,,,,,
2020-12-16,35438.0,2032760.0,,,2078.0,250604.0,,,,
2020-12-17,,,567.0,85752.0,,,,,,
2020-12-17,34440.0,2067200.0,,,2143.0,252747.0,,,,
2020-12-18,,,586.0,86338.0,,,,,,
2020-12-18,36417.0,2103617.0,,,1923.0,254670.0,,,,
2020-12-19,25589.0,2129206.0,,,2044.0,256714.0,,,,
2020-12-19,,,548.0,86886.0,,,,,,
2020-12-20,33064.0,2162270.0,,,2169.0,258883.0,,,,
2020-12-20,,,551.0,87437.0,,,,,,
2020-12-21,,,602.0,88039.0,,,,,,
2020-12-21,48192.0,2210462.0,,,2370.0,261253.0,,,,
2020-12-22,46475.0,2256937.0,,,2481.0,263734.0,,,,
2020-12-22,,,629.0,88668.0,,,,,,
2020-12-23,42936.0,2299873.0,,,2278.0,266012.0,,,,
2020-12-23,,,629.0,89297.0,,,,,,
2020-12-24,32391.0,2332264.0,,,2085.0,268097.0,,,,
2020-12-24,,,616.0,89913.0,,,,,,
2020-12-25,14419.0,2346683.0,,,2184.0,270281.0,,,,
2020-12-25,,,655.0,90568.0,,,,,,
2020-12-26,,,692.0,91260.0,,,,,,
2020-12-26,41109.0,2387792.0,,,2531.0,272812.0,,,,
2020-12-27,,,718.0,91978.0,,,,,,
2020-12-27,48519.0,2436311.0,,,2871.0,275683.0,,,,
2020-12-28,,,723.0,92701.0,,,,,,
2020-12-28,46407.0,2482718.0,,,3131.0,278814.0,,,,
2020-12-29,,,713.0,93414.0,,,,,,
2020-12-29,83088.0,2565806.0,,,3250.0,282064.0,,,,
2020-12-30,,,760.0,94174.0,,,,,,
2020-12-30,72161.0,2637967.0,,,3289.0,285353.0,,,,
2020-12-31,,,824.0,94998.0,,,,,,
2020-12-31,53945.0,2691912.0,,,2924.0,288277.0,,,,
2021-01-01,32482.0,2724394.0,,,3364.0,291641.0,,,,
2021-01-01,,,809.0,95807.0,,,,,,
2021-01-02,,,833.0,96640.0,,,,,,
2021-01-02,61654.0,2786048.0,,,3440.0,295081.0,,,,
2021-01-03,56332.0,2842380.0,,,3650.0,298731.0,,,,
2021-01-03,,,807.0,97447.0,,,,,,
2021-01-04,,,896.0,98343.0,,,,,,
2021-01-04,77970.0,2920350.0,,,3937.0,302668.0,,,,
2021-01-05,,,972.0,99315.0,,,,,,
2021-01-05,66635.0,2986985.0,,,4115.0,306783.0,,,,
2021-01-06,58783.0,3045768.0,,,4396.0,311179.0,,,,
2021-01-06,,,1014.0,100329.0,,,,,,
2021-01-07,53187.0,3098955.0,,,4294.0,315473.0,,,,
2021-01-07,,,1055.0,101384.0,,,,,,
2021-01-08,48104.0,3147059.0,,,4002.0,319475.0,,,,
2021-01-08,,,1052.0,102436.0,,,,,,
2021-01-09,,,1092.0,103528.0,,,,,,
2021-01-09,40035.0,3187094.0,,,4127.0,323602.0,,,,
2021-01-10,,,1173.0,104701.0,,,,2286572.0,,391399.0
2021-01-10,37174.0,3224268.0,,,3941.0,327543.0,,,,
2021-01-11,,,1241.0,105942.0,,,145076.0,2431648.0,20768.0,412167.0
2021-01-11,58591.0,3282859.0,,,4309.0,331852.0,,,,
2021-01-12,,,1318.0,107260.0,,,207661.0,2639309.0,16065.0,428232.0
2021-01-12,50647.0,3333506.0,,,4580.0,336432.0,,,,
2021-01-13,,,1307.0,108567.0,,,278943.0,2918252.0,9745.0,437977.0
2021-01-13,46506.0,3380012.0,,,4225.0,340657.0,,,,
2021-01-14,,,1340.0,109907.0,,,316694.0,3234946.0,5257.0,443234.0
2021-01-14,43473.0,3423485.0,,,4100.0,344757.0,,,,
2021-01-15,,,1323.0,111230.0,,,341317.0,3576263.0,4208.0,447442.0
2021-01-15,41450.0,3464935.0,,,3684.0,348441.0,,,,
2021-01-16,,,1417.0,112647.0,,,296131.0,3872394.0,2620.0,450062.0
2021-01-16,31248.0,3496183.0,,,3944.0,352385.0,,,,
2021-01-17,29592.0,3525775.0,,,3751.0,356136.0,,,,
2021-01-17,,,1361.0,114008.0,,,190107.0,4062501.0,2239.0,452301.0
2021-01-18,45956.0,3571731.0,,,4062.0,360198.0,,,,
2021-01-18,,,1401.0,115409.0,,,204076.0,4266577.0,4565.0,456866.0
2021-01-19,,,1489.0,116898.0,,,343163.0,4609740.0,3759.0,460625.0
2021-01-19,40526.0,3612257.0,,,4161.0,364359.0,,,,
2021-01-20,,,1382.0,118280.0,,,363508.0,4973248.0,3411.0,464036.0
2021-01-20,35985.0,3648242.0,,,4051.0,368410.0,,,,
2021-01-21,,,1349.0,119629.0,,,409855.0,5383103.0,2760.0,466796.0
2021-01-21,32501.0,3680743.0,,,3637.0,372047.0,,,,
2021-01-22,30330.0,3711073.0,,,3395.0,375442.0,,,,
2021-01-22,,,1333.0,120962.0,,,478248.0,5861351.0,1821.0,468617.0
2021-01-23,,,1286.0,122248.0,,,491970.0,6353321.0,1043.0,469660.0
2021-01-23,22344.0,3733417.0,,,3118.0,378560.0,,,,
2021-01-24,17554.0,3750971.0,,,3113.0,381673.0,,,,
2021-01-24,,,1239.0,123487.0,,,220249.0,6573570.0,818.0,470478.0
2021-01-25,,,1263.0,124750.0,,,279757.0,6853327.0,1968.0,472446.0
2021-01-25,30736.0,3781707.0,,,2932.0,384605.0,,,,
2021-01-26,,,1172.0,125922.0,,,311060.0,7164387.0,1710.0,474156.0
2021-01-26,27730.0,3809437.0,,,3150.0,387755.0,,,,
2021-01-27,,,1232.0,127154.0,,,312378.0,7476765.0,2329.0,476485.0
2021-01-27,26303.0,3835740.0,,,3059.0,390814.0,,,,
2021-01-28,,,1224.0,128378.0,,,414419.0,7891184.0,1769.0,478254.0
2021-01-28,24772.0,3860512.0,,,3044.0,393858.0,,,,
2021-01-29,22433.0,3882945.0,,,2687.0,396545.0,,,,
2021-01-29,,,1160.0,129538.0,,,487756.0,8378940.0,2178.0,480432.0
2021-01-30,17167.0,3900112.0,,,2469.0,399014.0,,,,
2021-01-30,,,1025.0,130563.0,,,598389.0,8977329.0,10621.0,491053.0
2021-01-31,,,994.0,131557.0,,,319038.0,9296367.0,3156.0,494209.0
2021-01-31,15783.0,3915895.0,,,2408.0,401422.0,,,,
2021-02-01,,,1006.0,132563.0,,,350348.0,9646715.0,2587.0,496796.0
2021-02-01,22971.0,3938866.0,,,2605.0,404027.0,,,,
2021-02-02,,,960.0,133523.0,,,374756.0,10021471.0,2166.0,498962.0
2021-02-02,20267.0,3959133.0,,,2481.0,406508.0,,,,
2021-02-03,,,974.0,134497.0,,,469016.0,10490487.0,2995.0,501957.0
2021-02-03,19914.0,3979047.0,,,2362.0,408870.0,,,,
2021-02-04,18492.0,3997539.0,,,2142.0,411012.0,,,,
2021-02-04,,,826.0,135323.0,,,480560.0,10971047.0,4036.0,505993.0
2021-02-05,16308.0,4013847.0,,,2005.0,413017.0,,,,
2021-02-05,,,872.0,136195.0,,,494163.0,11465210.0,4064.0,510057.0
2021-02-06,12320.0,4026167.0,,,1893.0,414910.0,,,,
2021-02-06,,,787.0,136982.0,,,549808.0,12015018.0,1662.0,511719.0
2021-02-07,11664.0,4037831.0,,,1852.0,416762.0,,,,
2021-02-07,,,752.0,137734.0,,,278988.0,12294006.0,862.0,512581.0
2021-02-08,16194.0,4054025.0,,,1921.0,418683.0,,,,
2021-02-08,,,779.0,138513.0,,,352480.0,12646486.0,3811.0,516392.0
2021-02-09,14225.0,4068250.0,,,1754.0,420437.0,,,,
2021-02-09,,,723.0,139236.0,,,411812.0,13058298.0,3161.0,519553.0
2021-02-10,,,712.0,139948.0,,,450810.0,13509108.0,4894.0,524447.0
2021-02-10,13899.0,4082149.0,,,1726.0,422163.0,,,,
2021-02-11,13139.0,4095288.0,,,1680.0,423843.0,,,,
2021-02-11,,,676.0,140624.0,,,503116.0,14012224.0,5647.0,530094.0
2021-02-12,,,635.0,141259.0,,,544603.0,14556827.0,4775.0,534869.0
2021-02-12,12573.0,4107861.0,,,1511.0,425354.0,,,,
2021-02-13,,,586.0,141845.0,,,505362.0,15062189.0,2846.0,537715.0
2021-02-13,9034.0,4116895.0,,,1428.0,426782.0,,,,
2021-02-14,,,605.0,142450.0,,,237962.0,15300151.0,1915.0,539630.0
2021-02-14,8994.0,4125889.0,,,1538.0,428320.0,,,,
2021-02-15,,,615.0,143065.0,,,275956.0,15576107.0,6535.0,546165.0
2021-02-15,14735.0,4140624.0,,,1503.0,429823.0,,,,
2021-02-16,,,566.0,143631.0,,,364865.0,15940972.0,12412.0,558577.0
2021-02-16,12941.0,4153565.0,,,1495.0,431318.0,,,,
2021-02-17,,,505.0,144136.0,,,482110.0,16423082.0,15147.0,573724.0
2021-02-17,11942.0,4165507.0,,,1411.0,432729.0,,,,
2021-02-18,11794.0,4177301.0,,,1339.0,434068.0,,,,
2021-02-18,,,521.0,144657.0,,,452454.0,16875536.0,15867.0,589591.0
2021-02-19,,,469.0,145126.0,,,371906.0,17247442.0,15294.0,604885.0
2021-02-19,10728.0,4188029.0,,,1272.0,435340.0,,,,
2021-02-20,8312.0,4196341.0,,,1091.0,436431.0,,,,
2021-02-20,,,452.0,145578.0,,,334679.0,17582121.0,10263.0,615148.0
2021-02-21,8097.0,4204438.0,,,1157.0,437588.0,,,,
2021-02-21,,,411.0,145989.0,,,141719.0,17723840.0,9177.0,624325.0
2021-02-22,,,379.0,146368.0,,,192341.0,17916181.0,18463.0,642788.0
2021-02-22,11655.0,4216093.0,,,1120.0,438708.0,,,,
2021-02-23,9762.0,4225855.0,,,1120.0,439828.0,,,,
2021-02-23,,,380.0,146748.0,,,326692.0,18242873.0,26317.0,669105.0
2021-02-24,8845.0,4234700.0,,,1022.0,440850.0,,,,
2021-02-24,,,366.0,147114.0,,,448962.0,18691835.0,31613.0,700718.0
2021-02-25,8025.0,4242725.0,,,971.0,441821.0,,,,
2021-02-25,,,354.0,147468.0,,,485720.0,19177555.0,35319.0,736037.0
2021-02-26,6783.0,4249508.0,,,864.0,442685.0,,,,
2021-02-26,,,303.0,147771.0,,,504493.0,19682048.0,32773.0,768810.0
2021-02-27,,,307.0,148078.0,,,407503.0,20089551.0,27322.0,796132.0
2021-02-27,4949.0,4254457.0,,,742.0,443427.0,,,,
2021-02-28,,,281.0,148359.0,,,185900.0,20275451.0,19684.0,815816.0
2021-02-28,4873.0,4259330.0,,,771.0,444198.0,,,,
2021-03-01,,,296.0,148655.0,,,203168.0,20478619.0,28282.0,844098.0
2021-03-01,7191.0,4266521.0,,,825.0,445023.0,,,,
2021-03-02,,,244.0,148899.0,,,224996.0,20703615.0,51314.0,895412.0
2021-03-02,6919.0,4273440.0,,,835.0,445858.0,,,,
2021-03-03,6172.0,4279612.0,,,713.0,446571.0,,,,
2021-03-03,,,218.0,149117.0,,,278956.0,20982571.0,68450.0,963862.0
2021-03-04,,,233.0,149350.0,,,376244.0,21358815.0,70206.0,1034068.0
2021-03-04,5937.0,4285549.0,,,706.0,447277.0,,,,
2021-03-05,5467.0,4291016.0,,,599.0,447876.0,,,,
2021-03-05,,,222.0,149572.0,,,437463.0,21796278.0,56772.0,1090840.0
2021-03-06,4628.0,4295644.0,,,636.0,448512.0,,,,
2021-03-06,,,210.0,149782.0,,,416834.0,22213112.0,31562.0,1122402.0
2021-03-07,4410.0,4300054.0,,,535.0,449047.0,,,,
2021-03-07,,,197.0,149979.0,,,164143.0,22377255.0,20241.0,1142643.0
2021-03-08,6890.0,4306944.0,,,576.0,449623.0,,,,
2021-03-08,,,197.0,150176.0,,,215273.0,22592528.0,38788.0,1181431.0
2021-03-09,6487.0,4313431.0,,,579.0,450202.0,,,,
2021-03-09,,,185.0,150361.0,,,217301.0,22809829.0,72922.0,1254353.0
2021-03-10,6251.0,4319682.0,,,567.0,450769.0,,,,
2021-03-10,,,161.0,150522.0,,,243887.0,23053716.0,97162.0,1351515.0
2021-03-11,5933.0,4325615.0,,,551.0,451320.0,,,,
2021-03-11,,,173.0,150695.0,,,260809.0,23314525.0,93563.0,1445078.0
2021-03-12,5716.0,4331331.0,,,480.0,451800.0,,,,
2021-03-12,,,135.0,150830.0,,,369578.0,23684103.0,87676.0,1532754.0
2021-03-13,4379.0,4335710.0,,,463.0,452263.0,,,,
2021-03-13,,,135.0,150965.0,,,512108.0,24196211.0,52155.0,1584909.0
2021-03-14,,,137.0,151102.0,,,257010.0,24453221.0,25371.0,1610280.0
2021-03-14,4425.0,4340135.0,,,428.0,452691.0,,,,
2021-03-15,,,138.0,151240.0,,,386685.0,24839906.0,53366.0,1663646.0
2021-03-15,6697.0,4346832.0,,,503.0,453194.0,,,,
2021-03-16,5849.0,4352681.0,,,441.0,453635.0,,,,
2021-03-16,,,114.0,151354.0,,,433320.0,25273226.0,95799.0,1759445.0
2021-03-17,5976.0,4358657.0,,,445.0,454080.0,,,,
2021-03-17,,,127.0,151481.0,,,462246.0,25735472.0,119609.0,1879054.0
2021-03-18,5623.0,4364280.0,,,451.0,454531.0,,,,
2021-03-18,,,100.0,151581.0,,,528260.0,26263732.0,132016.0,2011070.0
2021-03-19,,,102.0,151683.0,,,614930.0,26878662.0,125725.0,2136795.0
2021-03-19,5176.0,4369456.0,,,380.0,454911.0,,,,
2021-03-20,,,100.0,151783.0,,,752308.0,27630970.0,91977.0,2228772.0
2021-03-20,4246.0,4373702.0,,,364.0,455275.0,,,,
2021-03-21,5388.0,4379090.0,,,358.0,455633.0,,,,
2021-03-21,,,126.0,151909.0,,,367006.0,27997976.0,52612.0,2281384.0
2021-03-22,,,108.0,152017.0,,,329897.0,28327873.0,82300.0,2363684.0
2021-03-22,6458.0,4385548.0,,,361.0,455994.0,,,,
2021-03-23,5481.0,4391029.0,,,368.0,456362.0,,,,
2021-03-23,,,94.0,152111.0,,,325650.0,28653523.0,169155.0,2532839.0
2021-03-24,6223.0,4397252.0,,,350.0,456712.0,,,,
2021-03-24,,,70.0,152181.0,,,337665.0,28991188.0,242642.0,2775481.0
2021-03-25,,,79.0,152260.0,,,324942.0,29316130.0,234382.0,3009863.0
2021-03-25,5616.0,4402868.0,,,341.0,457053.0,,,,
2021-03-26,,,75.0,152335.0,,,411305.0,29727435.0,283654.0,3293517.0
2021-03-26,4567.0,4407435.0,,,298.0,457351.0,,,,
2021-03-27,3731.0,4411166.0,,,273.0,457624.0,,,,
2021-03-27,,,64.0,152399.0,,,424301.0,30151736.0,238861.0,3532378.0
2021-03-28,,,49.0,152448.0,,,293548.0,30445284.0,147594.0,3679972.0
2021-03-28,5029.0,4416195.0,,,273.0,457897.0,,,,
2021-03-29,,,71.0,152519.0,,,236809.0,30682093.0,168230.0,3848202.0
2021-03-29,4196.0,4420391.0,,,251.0,458148.0,,,,
2021-03-30,,,54.0,152573.0,,,225917.0,30908010.0,277682.0,4125884.0
2021-03-30,3779.0,4424170.0,,,257.0,458405.0,,,,
2021-03-31,,,74.0,152647.0,,,239434.0,31147444.0,387574.0,4513458.0
2021-03-31,3967.0,4428137.0,,,270.0,458675.0,,,,
2021-04-01,,,63.0,152710.0,,,170818.0,31318262.0,445416.0,4958874.0
2021-04-01,3674.0,4431811.0,,,234.0,458909.0,,,,
2021-04-02,,,50.0,152760.0,,,107420.0,31425682.0,246631.0,5205505.0
2021-04-02,2747.0,4434558.0,,,237.0,459146.0,,,,
2021-04-03,,,41.0,152801.0,,,107886.0,31533568.0,178913.0,5384418.0
2021-04-03,2506.0,4437064.0,,,222.0,459368.0,,,,
2021-04-04,2413.0,4439477.0,,,197.0,459565.0,,,,
2021-04-04,,,53.0,152854.0,,,48055.0,31581623.0,47708.0,5432126.0
2021-04-05,2744.0,4442221.0,,,238.0,459803.0,,,,
2021-04-05,,,45.0,152899.0,,,40744.0,31622367.0,64590.0,5496716.0
2021-04-06,3312.0,4445533.0,,,223.0,460026.0,,,,
2021-04-06,,,45.0,152944.0,,,85227.0,31707594.0,186793.0,5683509.0
2021-04-07,3253.0,4448786.0,,,235.0,460261.0,,,,
2021-04-07,,,45.0,152989.0,,,99530.0,31807124.0,408396.0,6091905.0
2021-04-08,3147.0,4451933.0,,,207.0,460468.0,,,,
2021-04-08,,,62.0,153051.0,,,96242.0,31903366.0,449269.0,6541174.0
2021-04-09,2952.0,4454885.0,,,206.0,460674.0,,,,
2021-04-09,,,38.0,153089.0,,,106878.0,32010244.0,450136.0,6991310.0
2021-04-10,2380.0,4457265.0,,,186.0,460860.0,,,,
2021-04-10,,,43.0,153132.0,,,111109.0,32121353.0,475230.0,7466540.0
2021-04-11,2376.0,4459641.0,,,205.0,461065.0,,,,
2021-04-11,,,41.0,153173.0,,,69223.0,32190576.0,189665.0,7656205.0
2021-04-12,2880.0,4462521.0,,,205.0,461270.0,,,,
2021-04-12,,,37.0,153210.0,,,59905.0,32250481.0,201191.0,7857396.0
2021-04-13,,,47.0,153257.0,,,76123.0,32326604.0,312685.0,8170081.0
2021-04-13,2495.0,4465016.0,,,182.0,461452.0,,,,
2021-04-14,,,35.0,153292.0,,,117835.0,32444439.0,343783.0,8513864.0
2021-04-14,2512.0,4467528.0,,,197.0,461649.0,,,,
2021-04-15,,,43.0,153335.0,,,129782.0,32574221.0,417683.0,8931547.0
2021-04-15,2345.0,4469873.0,,,161.0,461810.0,,,,
2021-04-16,2347.0,4472220.0,,,160.0,461970.0,,,,
2021-04-16,,,32.0,153367.0,,,135557.0,32709778.0,499664.0,9431211.0
2021-04-17,,,42.0,153409.0,,,139445.0,32849223.0,499635.0,9930846.0
2021-04-17,1722.0,4473942.0,,,159.0,462129.0,,,,
2021-04-18,2584.0,4476526.0,,,141.0,462270.0,,,,
2021-04-18,,,31.0,153440.0,,,83225.0,32932448.0,221193.0,10152039.0
2021-04-19,,,23.0,153463.0,,,99672.0,33032120.0,273751.0,10425790.0
2021-04-19,2738.0,4479264.0,,,179.0,462449.0,,,,
2021-04-20,,,35.0,153498.0,,,107622.0,33139742.0,350027.0,10775817.0
2021-04-20,2541.0,4481805.0,,,134.0,462583.0,,,,
2021-04-21,,,35.0,153533.0,,,117909.0,33257651.0,416784.0,11192601.0
2021-04-21,2709.0,4484514.0,,,173.0,462756.0,,,,
2021-04-22,2409.0,4486923.0,,,122.0,462878.0,,,,
2021-04-22,,,33.0,153566.0,,,130986.0,33388637.0,431070.0,11623671.0
2021-04-23,2020.0,4488943.0,,,157.0,463035.0,,,,
2021-04-23,,,29.0,153595.0,,,135786.0,33524423.0,465015.0,12088686.0
2021-04-24,1564.0,4490507.0,,,130.0,463165.0,,,,
2021-04-24,,,24.0,153619.0,,,148767.0,33673190.0,547636.0,12636322.0
2021-04-25,2119.0,4492626.0,,,138.0,463303.0,,,,
2021-04-25,,,27.0,153646.0,,,79695.0,33752885.0,260801.0,12897123.0
2021-04-26,2627.0,4495253.0,,,135.0,463438.0,,,,
2021-04-26,,,21.0,153667.0,,,90695.0,33843580.0,304688.0,13201811.0
2021-04-27,2177.0,4497430.0,,,169.0,463607.0,,,,
2021-04-27,,,25.0,153692.0,,,116328.0,33959908.0,379265.0,13581076.0
2021-04-28,2499.0,4499929.0,,,112.0,463719.0,,,,
2021-04-28,,,21.0,153713.0,,,134140.0,34094048.0,462885.0,14043961.0
2021-04-29,,,17.0,153730.0,,,122568.0,34216616.0,491567.0,14535528.0
2021-04-29,2230.0,4502159.0,,,103.0,463822.0,,,,
2021-04-30,,,16.0,153746.0,,,145589.0,34362205.0,421785.0,14957313.0
2021-04-30,1825.0,4503984.0,,,114.0,463936.0,,,,
2021-05-01,1431.0,4505415.0,,,102.0,464038.0,,,,
2021-05-01,,,16.0,153762.0,,,143175.0,34505380.0,372304.0,15329617.0
2021-05-02,1521.0,4506936.0,,,120.0,464158.0,,,,
2021-05-02,,,19.0,153781.0,,,89924.0,34595304.0,172891.0,15502508.0
2021-05-03,2084.0,4509020.0,,,123.0,464281.0,,,,
2021-05-03,,,17.0,153798.0,,,72600.0,34667904.0,127499.0,15630007.0
2021-05-04,2550.0,4511570.0,,,103.0,464384.0,,,,
2021-05-04,,,15.0,153813.0,,,127170.0,34795074.0,257486.0,15887493.0
2021-05-05,2569.0,4514139.0,,,120.0,464504.0,,,,
2021-05-05,,,22.0,153835.0,,,139097.0,34934171.0,404226.0,16291719.0
2021-05-06,2325.0,4516464.0,,,120.0,464624.0,,,,
2021-05-06,,,17.0,153852.0,,,135470.0,35069641.0,473001.0,16764720.0
2021-05-07,1981.0,4518445.0,,,104.0,464728.0,,,,
2021-05-07,,,17.0,153869.0,,,133001.0,35202642.0,465822.0,17230542.0
2021-05-08,1608.0,4520053.0,,,111.0,464839.0,,,,
2021-05-08,,,20.0,153889.0,,,169027.0,35371669.0,438837.0,17669379.0
2021-05-09,2307.0,4522360.0,,,103.0,464942.0,,,,
2021-05-09,,,11.0,153900.0,,,100626.0,35472295.0,187171.0,17856550.0
2021-05-10,2808.0,4525168.0,,,105.0,465047.0,,,,
2021-05-10,,,8.0,153908.0,,,115053.0,35587348.0,231835.0,18088385.0
2021-05-11,2328.0,4527496.0,,,109.0,465156.0,,,,
2021-05-11,,,21.0,153929.0,,,135113.0,35722461.0,350147.0,18438532.0
2021-05-12,2334.0,4529830.0,,,122.0,465278.0,,,,
2021-05-12,,,15.0,153944.0,,,184210.0,35906671.0,452437.0,18890969.0
2021-05-13,,,15.0,153959.0,,,209284.0,36115955.0,428041.0,19319010.0
2021-05-13,2182.0,4532012.0,,,103.0,465381.0,,,,
2021-05-14,,,14.0,153973.0,,,220068.0,36336023.0,393402.0,19712412.0
2021-05-14,1936.0,4533948.0,,,97.0,465478.0,,,,
2021-05-15,,,15.0,153988.0,,,237331.0,36573354.0,391246.0,20103658.0
2021-05-15,1626.0,4535574.0,,,91.0,465569.0,,,,
2021-05-16,,,14.0,154002.0,,,131318.0,36704672.0,183745.0,20287403.0
2021-05-16,1922.0,4537496.0,,,81.0,465650.0,,,,
2021-05-17,,,13.0,154015.0,,,106733.0,36811405.0,259049.0,20546452.0
2021-05-17,2858.0,4540354.0,,,102.0,465752.0,,,,
2021-05-18,2812.0,4543166.0,,,128.0,465880.0,,,,
2021-05-18,,,11.0,154026.0,,,174100.0,36985505.0,324001.0,20870453.0
2021-05-19,2812.0,4545978.0,,,128.0,466008.0,,,,
2021-05-19,,,4.0,154030.0,,,264858.0,37250363.0,369018.0,21239471.0
2021-05-20,,,7.0,154037.0,,,268251.0,37518614.0,420312.0,21659783.0
2021-05-20,2517.0,4548495.0,,,132.0,466140.0,,,,
2021-05-21,,,18.0,154055.0,,,219657.0,37738271.0,426683.0,22086466.0
2021-05-21,2365.0,4550860.0,,,125.0,466265.0,,,,
2021-05-22,2000.0,4552860.0,,,119.0,466384.0,,,,
2021-05-22,,,4.0,154059.0,,,205410.0,37943681.0,556951.0,22643417.0
2021-05-23,2326.0,4555186.0,,,116.0,466500.0,,,,
2021-05-23,,,16.0,154075.0,,,126357.0,38070038.0,252139.0,22895556.0
2021-05-24,,,16.0,154091.0,,,122379.0,38192417.0,332955.0,23228511.0
2021-05-24,3368.0,4558554.0,,,139.0,466639.0,,,,
2021-05-25,3427.0,4561981.0,,,133.0,466772.0,,,,
2021-05-25,,,10.0,154101.0,,,186147.0,38378564.0,387987.0,23616498.0
2021-05-26,,,14.0,154115.0,,,236119.0,38614683.0,427458.0,24043956.0
2021-05-26,3921.0,4565902.0,,,132.0,466904.0,,,,
2021-05-27,3747.0,4569649.0,,,127.0,467031.0,,,,
2021-05-27,,,8.0,154123.0,,,256517.0,38871200.0,434096.0,24478052.0
2021-05-28,3589.0,4573238.0,,,139.0,467170.0,,,,
2021-05-28,,,14.0,154137.0,,,204442.0,39075642.0,435951.0,24914003.0
2021-05-29,2999.0,4576237.0,,,105.0,467275.0,,,,
2021-05-29,,,12.0,154149.0,,,183526.0,39259168.0,418848.0,25332851.0
2021-05-30,3164.0,4579401.0,,,112.0,467387.0,,,,
2021-05-30,,,9.0,154158.0,,,124887.0,39384055.0,206322.0,25539173.0
2021-05-31,3897.0,4583298.0,,,124.0,467511.0,,,,
2021-05-31,,,11.0,154169.0,,,93103.0,39477158.0,195546.0,25734719.0
2021-06-01,5431.0,4588729.0,,,157.0,467668.0,,,,
2021-06-01,,,10.0,154179.0,,,108507.0,39585665.0,338565.0,26073284.0
2021-06-02,6168.0,4594897.0,,,131.0,467799.0,,,,
2021-06-02,,,12.0,154191.0,,,172763.0,39758428.0,349019.0,26422303.0
2021-06-03,6256.0,4601153.0,,,128.0,467927.0,,,,
2021-06-03,,,16.0,154207.0,,,191266.0,39949694.0,377641.0,26799944.0
2021-06-04,5860.0,4607013.0,,,126.0,468053.0,,,,
2021-06-04,,,14.0,154221.0,,,179924.0,40129618.0,388031.0,27187975.0
2021-06-05,4731.0,4611744.0,,,128.0,468181.0,,,,
2021-06-05,,,7.0,154228.0,,,203613.0,40333231.0,473378.0,27661353.0
2021-06-06,5533.0,4617277.0,,,156.0,468337.0,,,,
2021-06-06,,,13.0,154241.0,,,127345.0,40460576.0,259941.0,27921294.0
2021-06-07,7945.0,4625222.0,,,177.0,468514.0,,,,
2021-06-07,,,6.0,154247.0,,,112941.0,40573517.0,306068.0,28227362.0
2021-06-08,7896.0,4633118.0,,,189.0,468703.0,,,,
2021-06-08,,,15.0,154262.0,,,136802.0,40710319.0,313482.0,28540844.0
2021-06-09,,,17.0,154279.0,,,176559.0,40886878.0,316258.0,28857102.0
2021-06-09,8210.0,4641328.0,,,191.0,468894.0,,,,
2021-06-10,8042.0,4649370.0,,,201.0,469095.0,,,,
2021-06-10,,,16.0,154295.0,,,201607.0,41088485.0,308038.0,29165140.0
2021-06-11,7619.0,4656989.0,,,180.0,469275.0,,,,
2021-06-11,,,13.0,154308.0,,,208531.0,41297016.0,307192.0,29472332.0
2021-06-12,6284.0,4663273.0,,,178.0,469453.0,,,,
2021-06-12,,,12.0,154320.0,,,254185.0,41551201.0,320326.0,29792658.0
2021-06-13,,,12.0,154332.0,,,147228.0,41698429.0,181121.0,29973779.0
2021-06-13,7135.0,4670408.0,,,223.0,469676.0,,,,
2021-06-14,10362.0,4680770.0,,,227.0,469903.0,,,,
2021-06-14,,,13.0,154345.0,,,132627.0,41831056.0,235928.0,30209707.0
2021-06-15,,,21.0,154366.0,,,190033.0,42021089.0,230666.0,30440373.0
2021-06-15,10796.0,4691566.0,,,231.0,470134.0,,,,
2021-06-16,,,16.0,154382.0,,,195565.0,42216654.0,234834.0,30675207.0
2021-06-16,11052.0,4702618.0,,,230.0,470364.0,,,,
2021-06-17,,,9.0,154391.0,,,243978.0,42460632.0,223260.0,30898467.0
2021-06-17,11106.0,4713724.0,,,245.0,470609.0,,,,
2021-06-18,,,18.0,154409.0,,,223140.0,42683772.0,205677.0,31104144.0
2021-06-18,10320.0,4724044.0,,,239.0,470848.0,,,,
2021-06-19,,,20.0,154429.0,,,280241.0,42964013.0,236363.0,31340507.0
2021-06-19,8446.0,4732490.0,,,211.0,471059.0,,,,
2021-06-20,,,22.0,154451.0,,,163750.0,43127763.0,109408.0,31449915.0
2021-06-20,10088.0,4742578.0,,,207.0,471266.0,,,,
2021-06-21,,,12.0,154463.0,,,21080.0,43148843.0,39325.0,31489240.0
2021-06-21,16307.0,4758885.0,,,233.0,471499.0,,,,
2021-06-22,17403.0,4776288.0,,,242.0,471741.0,,,,
2021-06-22,,,17.0,154480.0,,,299837.0,43448680.0,250875.0,31740115.0
2021-06-23,18350.0,4794638.0,,,275.0,472016.0,,,,
2021-06-23,,,9.0,154489.0,,,207647.0,43656327.0,167988.0,31908103.0
2021-06-24,18712.0,4813350.0,,,255.0,472271.0,,,,
2021-06-24,,,29.0,154518.0,,,221534.0,43877861.0,177813.0,32085916.0
2021-06-25,18169.0,4831519.0,,,258.0,472529.0,,,,
2021-06-25,,,22.0,154540.0,,,202497.0,44080358.0,174770.0,32260686.0
2021-06-26,16301.0,4847820.0,,,268.0,472797.0,,,,
2021-06-26,,,17.0,154557.0,,,234441.0,44314799.0,199505.0,32460191.0
2021-06-27,,,24.0,154581.0,,,139712.0,44454511.0,123555.0,32583746.0
2021-06-27,18502.0,4866322.0,,,267.0,473064.0,,,,
2021-06-28,28418.0,4894740.0,,,310.0,473374.0,,,,
2021-06-28,,,18.0,154599.0,,,127260.0,44581771.0,138016.0,32721762.0
2021-06-29,28199.0,4922939.0,,,368.0,473742.0,,,,
2021-06-29,,,24.0,154623.0,,,137991.0,44719762.0,150688.0,32872450.0
2021-06-30,28923.0,4951862.0,,,417.0,474159.0,,,,
2021-06-30,,,26.0,154649.0,,,141216.0,44860978.0,175749.0,33048199.0
2021-07-01,,,28.0,154677.0,,,152525.0,45013503.0,193066.0,33241265.0
2021-07-01,28794.0,4980656.0,,,373.0,474532.0,,,,
2021-07-02,,,32.0,154709.0,,,123605.0,45137108.0,177478.0,33418743.0
2021-07-02,26340.0,5006996.0,,,392.0,474924.0,,,,
2021-07-03,,,31.0,154740.0,,,137389.0,45274497.0,196209.0,33614952.0
2021-07-03,24010.0,5031006.0,,,396.0,475320.0,,,,
2021-07-04,,,29.0,154769.0,,,77222.0,45351719.0,111410.0,33726362.0
2021-07-04,25169.0,5056175.0,,,470.0,475790.0,,,,
2021-07-05,,,29.0,154798.0,,,76962.0,45428681.0,147814.0,33874176.0
2021-07-05,34918.0,5091093.0,,,521.0,476311.0,,,,
2021-07-06,,,35.0,154833.0,,,85811.0,45514492.0,153126.0,34027302.0
2021-07-06,36060.0,5127153.0,,,577.0,476888.0,,,,
2021-07-07,38597.0,5165750.0,,,571.0,477459.0,,,,
2021-07-07,,,36.0,154869.0,,,86953.0,45601445.0,171477.0,34198779.0
2021-07-08,34016.0,5199766.0,,,608.0,478067.0,,,,
2021-07-08,,,42.0,154911.0,,,96430.0,45697875.0,175467.0,34374246.0
2021-07-09,32803.0,5232569.0,,,559.0,478626.0,,,,
2021-07-09,,,52.0,154963.0,,,90083.0,45787958.0,178819.0,34553065.0
2021-07-10,28379.0,5260948.0,,,552.0,479178.0,,,,
2021-07-10,,,45.0,155008.0,,,93763.0,45881721.0,211446.0,34764511.0
2021-07-11,30503.0,5291451.0,,,594.0,479772.0,,,,
2021-07-11,,,36.0,155044.0,,,42000.0,45923721.0,107620.0,34872131.0
2021-07-12,44513.0,5335964.0,,,732.0,480504.0,,,,
2021-07-12,,,43.0,155087.0,,,54296.0,45978017.0,125360.0,34997491.0
2021-07-13,47706.0,5383670.0,,,750.0,481254.0,,,,
2021-07-13,,,50.0,155137.0,,,59073.0,46037090.0,158276.0,35155767.0
2021-07-14,,,47.0,155184.0,,,60374.0,46097464.0,185661.0,35341428.0
2021-07-14,54909.0,5438579.0,,,755.0,482009.0,,,,
2021-07-15,,,54.0,155238.0,,,61681.0,46159145.0,201893.0,35543321.0
2021-07-15,61999.0,5500578.0,,,775.0,482784.0,,,,
2021-07-16,,,55.0,155293.0,,,69491.0,46228636.0,202314.0,35745635.0
2021-07-16,55263.0,5555841.0,,,700.0,483484.0,,,,
2021-07-17,,,60.0,155353.0,,,67217.0,46295853.0,225214.0,35970849.0
2021-07-17,38475.0,5594316.0,,,710.0,484194.0,,,,
2021-07-18,36181.0,5630497.0,,,799.0,484993.0,,,,
2021-07-18,,,72.0,155425.0,,,18186.0,46314039.0,128878.0,36099727.0
2021-07-19,,,88.0,155513.0,,,35670.0,46349709.0,143560.0,36243287.0
2021-07-19,47919.0,5678416.0,,,877.0,485870.0,,,,
2021-07-20,,,68.0,155581.0,,,39035.0,46388744.0,161279.0,36404566.0
2021-07-20,39875.0,5718291.0,,,938.0,486808.0,,,,
2021-07-21,,,61.0,155642.0,,,45101.0,46433845.0,183338.0,36587904.0
2021-07-21,35538.0,5753829.0,,,930.0,487738.0,,,,
2021-07-22,,,85.0,155727.0,,,44036.0,46477881.0,188297.0,36776201.0
2021-07-22,31276.0,5785105.0,,,955.0,488693.0,,,,
2021-07-23,,,83.0,155810.0,,,42974.0,46520855.0,189341.0,36965542.0
2021-07-23,27769.0,5812874.0,,,867.0,489560.0,,,,
2021-07-24,,,69.0,155879.0,,,43805.0,46564660.0,203886.0,37169428.0
2021-07-24,22852.0,5835726.0,,,828.0,490388.0,,,,
2021-07-25,22188.0,5857914.0,,,939.0,491327.0,,,,
2021-07-25,,,72.0,155951.0,,,24551.0,46589211.0,117956.0,37287384.0
2021-07-26,29980.0,5887894.0,,,941.0,492268.0,,,,
2021-07-26,,,79.0,156030.0,,,30019.0,46619230.0,148936.0,37436320.0
2021-07-27,,,77.0,156107.0,,,35402.0,46654632.0,151650.0,37587970.0
2021-07-27,29581.0,5917475.0,,,922.0,493190.0,,,,
2021-07-28,30237.0,5947712.0,,,852.0,494042.0,,,,
2021-07-28,,,84.0,156191.0,,,43847.0,46698479.0,171173.0,37759143.0
2021-07-29,28434.0,5976146.0,,,840.0,494882.0,,,,
2021-07-29,,,88.0,156279.0,,,42353.0,46740832.0,179918.0,37939061.0
2021-07-30,24749.0,6000895.0,,,746.0,495628.0,,,,
2021-07-30,,,103.0,156382.0,,,36724.0,46777556.0,171096.0,38110157.0
2021-07-31,20568.0,6021463.0,,,676.0,496304.0,,,,
2021-07-31,,,91.0,156473.0,,,38826.0,46816382.0,212014.0,38322171.0
2021-08-01,20908.0,6042371.0,,,739.0,497043.0,,,,
2021-08-01,,,96.0,156569.0,,,21232.0,46837614.0,118044.0,38440215.0
2021-08-02,29841.0,6072212.0,,,788.0,497831.0,,,,
2021-08-02,,,92.0,156661.0,,,26092.0,46863706.0,126192.0,38566407.0
2021-08-03,30475.0,6102687.0,,,763.0,498594.0,,,,
2021-08-03,,,80.0,156741.0,,,29290.0,46892996.0,142761.0,38709168.0
2021-08-04,32339.0,6135026.0,,,836.0,499430.0,,,,
2021-08-04,,,92.0,156833.0,,,33334.0,46926330.0,165669.0,38874837.0
2021-08-05,,,101.0,156934.0,,,35500.0,46961830.0,172692.0,39047529.0
2021-08-05,31666.0,6166692.0,,,812.0,500242.0,,,,
2021-08-06,28060.0,6194752.0,,,782.0,501024.0,,,,
2021-08-06,,,98.0,157032.0,,,36976.0,46998806.0,168356.0,39215885.0
2021-08-07,22567.0,6217319.0,,,729.0,501753.0,,,,
2021-08-07,,,106.0,157138.0,,,37990.0,47036796.0,213583.0,39429468.0
2021-08-08,22890.0,6240209.0,,,742.0,502495.0,,,,
2021-08-08,,,84.0,157222.0,,,22843.0,47059639.0,122070.0,39551538.0
2021-08-09,,,84.0,157306.0,,,32250.0,47091889.0,137028.0,39688566.0
2021-08-09,32161.0,6272370.0,,,760.0,503255.0,,,,
2021-08-10,31516.0,6303886.0,,,894.0,504149.0,,,,
2021-08-10,,,85.0,157391.0,,,37511.0,47129400.0,151143.0,39839709.0
2021-08-11,,,89.0,157480.0,,,41568.0,47170968.0,173761.0,40013470.0
2021-08-11,33348.0,6337234.0,,,850.0,504999.0,,,,
2021-08-12,,,106.0,157586.0,,,44384.0,47215352.0,192559.0,40206029.0
2021-08-12,31726.0,6368960.0,,,861.0,505860.0,,,,
2021-08-13,28973.0,6397933.0,,,790.0,506650.0,,,,
2021-08-13,,,98.0,157684.0,,,40490.0,47255842.0,171585.0,40377614.0
2021-08-14,,,103.0,157787.0,,,46603.0,47302445.0,199584.0,40577198.0
2021-08-14,25057.0,6422990.0,,,788.0,507438.0,,,,
2021-08-15,,,91.0,157878.0,,,31257.0,47333702.0,126383.0,40703581.0
2021-08-15,25326.0,6448316.0,,,807.0,508245.0,,,,
2021-08-16,,,89.0,157967.0,,,35716.0,47369418.0,138390.0,40841971.0
2021-08-16,36907.0,6485223.0,,,870.0,509115.0,,,,
2021-08-17,,,100.0,158067.0,,,43824.0,47413242.0,145875.0,40987846.0
2021-08-17,37918.0,6523141.0,,,968.0,510083.0,,,,
2021-08-18,38739.0,6561880.0,,,913.0,510996.0,,,,
2021-08-18,,,111.0,158178.0,,,47284.0,47460526.0,169223.0,41157069.0
2021-08-19,36500.0,6598380.0,,,950.0,511946.0,,,,
2021-08-19,,,115.0,158293.0,,,55979.0,47516505.0,175059.0,41332128.0
2021-08-20,32231.0,6630611.0,,,872.0,512818.0,,,,
2021-08-20,,,127.0,158420.0,,,60885.0,47577390.0,167392.0,41499520.0
2021-08-21,28533.0,6659144.0,,,877.0,513695.0,,,,
2021-08-21,,,118.0,158538.0,,,73006.0,47650396.0,194881.0,41694401.0
2021-08-22,28743.0,6687887.0,,,834.0,514529.0,,,,
2021-08-22,,,129.0,158667.0,,,40345.0,47690741.0,116352.0,41810753.0
2021-08-23,39715.0,6727602.0,,,966.0,515495.0,,,,
2021-08-23,,,120.0,158787.0,,,46401.0,47737142.0,131283.0,41942036.0
2021-08-24,,,118.0,158905.0,,,55410.0,47792552.0,130676.0,42072712.0
2021-08-24,37683.0,6765285.0,,,1000.0,516495.0,,,,
2021-08-25,,,107.0,159012.0,,,68076.0,47860628.0,161705.0,42234417.0
2021-08-25,38777.0,6804062.0,,,1036.0,517531.0,,,,
2021-08-26,,,125.0,159137.0,,,55140.0,47915768.0,144936.0,42379353.0
2021-08-26,37612.0,6841674.0,,,957.0,518488.0,,,,
2021-08-27,,,138.0,159275.0,,,44937.0,47960705.0,131456.0,42510809.0
2021-08-27,33744.0,6875418.0,,,945.0,519433.0,,,,
2021-08-28,,,134.0,159409.0,,,43271.0,48003976.0,133688.0,42644497.0
2021-08-28,27599.0,6903017.0,,,864.0,520297.0,,,,
2021-08-29,,,139.0,159548.0,,,24390.0,48028366.0,79440.0,42723937.0
2021-08-29,26135.0,6929152.0,,,857.0,521154.0,,,,
2021-08-30,34773.0,6963925.0,,,997.0,522151.0,,,,
2021-08-30,,,109.0,159657.0,,,19643.0,48048009.0,66648.0,42790585.0
2021-08-31,45212.0,7009137.0,,,1003.0,523154.0,,,,
2021-08-31,,,126.0,159783.0,,,39899.0,48087908.0,119402.0,42909987.0
2021-09-01,43533.0,7052670.0,,,1084.0,524238.0,,,,
2021-09-01,,,125.0,159908.0,,,44088.0,48131996.0,113385.0,43023372.0
2021-09-02,42326.0,7094996.0,,,999.0,525237.0,,,,
2021-09-02,,,137.0,160045.0,,,40002.0,48171998.0,119375.0,43142747.0
2021-09-03,38630.0,7133626.0,,,928.0,526165.0,,,,
2021-09-03,,,151.0,160196.0,,,35266.0,48207264.0,110590.0,43253337.0
2021-09-04,31810.0,7165436.0,,,952.0,527117.0,,,,
2021-09-04,,,144.0,160340.0,,,41054.0,48248318.0,128553.0,43381890.0
2021-09-05,31803.0,7197239.0,,,879.0,527996.0,,,,
2021-09-05,,,164.0,160504.0,,,21795.0,48270113.0,73193.0,43455083.0
2021-09-06,44926.0,7242165.0,,,1077.0,529073.0,,,,
2021-09-06,,,156.0,160660.0,,,22698.0,48292811.0,80015.0,43535098.0
2021-09-07,,,164.0,160824.0,,,26624.0,48319435.0,85848.0,43620946.0
2021-09-07,38619.0,7280784.0,,,1104.0,530177.0,,,,
2021-09-08,,,142.0,160966.0,,,25131.0,48344566.0,87960.0,43708906.0
2021-09-08,35847.0,7316631.0,,,1167.0,531344.0,,,,
2021-09-09,,,180.0,161146.0,,,25774.0,48370340.0,96702.0,43805608.0
2021-09-09,33971.0,7350602.0,,,1037.0,532381.0,,,,
2021-09-10,29183.0,7379785.0,,,926.0,533307.0,,,,
2021-09-10,,,149.0,161295.0,,,26064.0,48396404.0,91811.0,43897419.0
2021-09-11,,,144.0,161439.0,,,27913.0,48424317.0,98059.0,43995478.0
2021-09-11,23533.0,7403318.0,,,851.0,534158.0,,,,
2021-09-12,24061.0,7427379.0,,,868.0,535026.0,,,,
2021-09-12,,,141.0,161580.0,,,14955.0,48439272.0,52615.0,44048093.0
2021-09-13,34658.0,7462037.0,,,943.0,535969.0,,,,
2021-09-13,,,118.0,161698.0,,,19428.0,48458700.0,60653.0,44108746.0
2021-09-14,31432.0,7493469.0,,,952.0,536921.0,,,,
2021-09-14,,,170.0,161868.0,,,17645.0,48476345.0,66725.0,44175471.0
2021-09-15,30410.0,7523879.0,,,951.0,537872.0,,,,
2021-09-15,,,166.0,162034.0,,,24402.0,48500747.0,63290.0,44238761.0
2021-09-16,,,160.0,162194.0,,,23051.0,48523798.0,63973.0,44302734.0
2021-09-16,29701.0,7553580.0,,,894.0,538766.0,,,,
2021-09-17,,,184.0,162378.0,,,20778.0,48544576.0,60384.0,44363118.0
2021-09-17,29481.0,7583061.0,,,754.0,539520.0,,,,
2021-09-18,26646.0,7609707.0,,,759.0,540279.0,,,,
2021-09-18,,,137.0,162515.0,,,26198.0,48570774.0,72497.0,44435615.0
2021-09-19,31086.0,7640793.0,,,731.0,541010.0,,,,
2021-09-19,,,135.0,162650.0,,,13840.0,48584614.0,35157.0,44470772.0
2021-09-20,,,159.0,162809.0,,,20150.0,48604764.0,46342.0,44517114.0
2021-09-20,40768.0,7681561.0,,,813.0,541823.0,,,,
2021-09-21,,,137.0,162946.0,,,20384.0,48625148.0,43406.0,44560520.0
2021-09-21,38847.0,7720408.0,,,808.0,542631.0,,,,
2021-09-22,36756.0,7757164.0,,,755.0,543386.0,,,,
2021-09-22,,,159.0,163105.0,,,22679.0,48647827.0,44047.0,44604567.0
2021-09-23,35851.0,7793015.0,,,783.0,544169.0,,,,
2021-09-23,,,148.0,163253.0,,,25083.0,48672910.0,44588.0,44649155.0
2021-09-24,,,140.0,163393.0,,,27617.0,48700527.0,44759.0,44693914.0
2021-09-24,32109.0,7825124.0,,,731.0,544900.0,,,,
2021-09-25,,,128.0,163521.0,,,24296.0,48724823.0,47118.0,44741032.0
2021-09-25,28565.0,7853689.0,,,678.0,545578.0,,,,
2021-09-26,32082.0,7885771.0,,,672.0,546250.0,,,,
2021-09-26,,,111.0,163632.0,,,15984.0,48740807.0,25539.0,44766571.0
2021-09-27,,,125.0,163757.0,,,24919.0,48765726.0,33177.0,44799748.0
2021-09-27,41589.0,7927360.0,,,782.0,547032.0,,,,
2021-09-28,36547.0,7963907.0,,,783.0,547815.0,,,,
2021-09-28,,,120.0,163877.0,,,31853.0,48797579.0,33532.0,44833280.0
2021-09-29,34835.0,7998742.0,,,810.0,548625.0,,,,
2021-09-29,,,142.0,164019.0,,,31539.0,48829118.0,34093.0,44867373.0
2021-09-30,32605.0,8031347.0,,,705.0,549330.0,,,,
2021-09-30,,,128.0,164147.0,,,34372.0,48863490.0,34459.0,44901832.0
2021-10-01,29058.0,8060405.0,,,699.0,550029.0,,,,
2021-10-01,,,139.0,164286.0,,,38180.0,48901670.0,34289.0,44936121.0
2021-10-02,26315.0,8086720.0,,,698.0,550727.0,,,,
2021-10-02,,,118.0,164404.0,,,31066.0,48932736.0,34391.0,44970512.0
2021-10-03,32057.0,8118777.0,,,723.0,551450.0,,,,
2021-10-03,,,107.0,164511.0,,,24123.0,48956859.0,21532.0,44992044.0
2021-10-04,,,112.0,164623.0,,,37671.0,48994530.0,29337.0,45021381.0
2021-10-04,43734.0,8162511.0,,,814.0,552264.0,,,,
2021-10-05,39278.0,8201789.0,,,840.0,553104.0,,,,
2021-10-05,,,135.0,164758.0,,,41347.0,49035877.0,28572.0,45049953.0
2021-10-06,39263.0,8241052.0,,,782.0,553886.0,,,,
2021-10-06,,,112.0,164870.0,,,32828.0,49068705.0,28576.0,45078529.0
2021-10-07,,,133.0,165003.0,,,33029.0,49101734.0,28656.0,45107185.0
2021-10-07,38464.0,8279516.0,,,828.0,554714.0,,,,
2021-10-08,35609.0,8315125.0,,,791.0,555505.0,,,,
2021-10-08,,,122.0,165125.0,,,31685.0,49133419.0,29068.0,45136253.0
2021-10-09,32301.0,8347426.0,,,768.0,556273.0,,,,
2021-10-09,,,119.0,165244.0,,,31395.0,49164814.0,33477.0,45169730.0
2021-10-10,36418.0,8383844.0,,,735.0,557008.0,,,,
2021-10-10,,,115.0,165359.0,,,22106.0,49186920.0,19451.0,45189181.0
2021-10-11,50304.0,8434148.0,,,850.0,557858.0,,,,
2021-10-11,,,138.0,165497.0,,,29172.0,49216092.0,23632.0,45212813.0
2021-10-12,48319.0,8482467.0,,,946.0,558804.0,,,,
2021-10-12,,,136.0,165633.0,,,36847.0,49252939.0,26946.0,45239759.0
2021-10-13,47773.0,8530240.0,,,932.0,559736.0,,,,
2021-10-13,,,136.0,165769.0,,,38726.0,49291665.0,29481.0,45269240.0
2021-10-14,46421.0,8576661.0,,,915.0,560651.0,,,,
2021-10-14,,,160.0,165929.0,,,43489.0,49335154.0,27991.0,45297231.0
2021-10-15,43558.0,8620219.0,,,958.0,561609.0,,,,
2021-10-15,,,139.0,166068.0,,,40763.0,49375917.0,29432.0,45326663.0
2021-10-16,,,151.0,166219.0,,,28999.0,49404916.0,33483.0,45360146.0
2021-10-16,37878.0,8658097.0,,,886.0,562495.0,,,,
2021-10-17,,,140.0,166359.0,,,17837.0,49422753.0,17265.0,45377411.0
2021-10-17,43753.0,8701850.0,,,974.0,563469.0,,,,
2021-10-18,57742.0,8759592.0,,,1089.0,564558.0,,,,
2021-10-18,,,139.0,166498.0,,,39672.0,49462425.0,23579.0,45400990.0
2021-10-19,52527.0,8812119.0,,,1114.0,565672.0,,,,
2021-10-19,,,143.0,166641.0,,,42902.0,49505327.0,32767.0,45433757.0
2021-10-20,51661.0,8863780.0,,,1113.0,566785.0,,,,
2021-10-20,,,154.0,166795.0,,,49080.0,49554407.0,26365.0,45460122.0
2021-10-21,,,164.0,166959.0,,,48732.0,49603139.0,26828.0,45486950.0
2021-10-21,45193.0,8908973.0,,,988.0,567773.0,,,,
2021-10-22,40665.0,8949638.0,,,949.0,568722.0,,,,
2021-10-22,,,151.0,167110.0,,,46250.0,49649389.0,26170.0,45513120.0
2021-10-23,,,171.0,167281.0,,,40092.0,49689481.0,30243.0,45543363.0
2021-10-23,35103.0,8984741.0,,,916.0,569638.0,,,,
2021-10-24,35765.0,9020506.0,,,972.0,570610.0,,,,
2021-10-24,,,166.0,167447.0,,,25747.0,49715228.0,18082.0,45561445.0
2021-10-25,47465.0,9067971.0,,,1068.0,571678.0,,,,
2021-10-25,,,149.0,167596.0,,,37809.0,49753037.0,21446.0,45582891.0
2021-10-26,,,176.0,167772.0,,,41083.0,49794120.0,23031.0,45605922.0
2021-10-26,42124.0,9110095.0,,,1124.0,572802.0,,,,
2021-10-27,,,177.0,167949.0,,,44082.0,49838202.0,21577.0,45627499.0
2021-10-27,43045.0,9153140.0,,,1165.0,573967.0,,,,
2021-10-28,,,199.0,168148.0,,,44702.0,49882904.0,23723.0,45651222.0
2021-10-28,41391.0,9194531.0,,,1087.0,575054.0,,,,
2021-10-29,40251.0,9234782.0,,,1032.0,576086.0,,,,
2021-10-29,,,185.0,168333.0,,,40967.0,49923871.0,22279.0,45673501.0
2021-10-30,,,164.0,168497.0,,,36052.0,49959923.0,25401.0,45698902.0
2021-10-30,33567.0,9268349.0,,,904.0,576990.0,,,,
2021-10-31,34814.0,9303163.0,,,1009.0,577999.0,,,,
2021-10-31,,,196.0,168693.0,,,27402.0,49987325.0,13449.0,45712351.0
2021-11-01,,,190.0,168883.0,,,37695.0,50025020.0,19214.0,45731565.0
2021-11-01,45109.0,9348272.0,,,1099.0,579098.0,,,,
2021-11-02,38019.0,9386291.0,,,1084.0,580182.0,,,,
2021-11-02,,,165.0,169048.0,,,46663.0,50071683.0,20922.0,45752487.0
2021-11-03,35986.0,9422277.0,,,985.0,581167.0,,,,
2021-11-03,,,184.0,169232.0,,,41242.0,50112925.0,17965.0,45770452.0
2021-11-04,33660.0,9455937.0,,,888.0,582055.0,,,,
2021-11-04,,,168.0,169400.0,,,43731.0,50156656.0,20482.0,45790934.0
2021-11-05,30318.0,9486255.0,,,861.0,582916.0,,,,
2021-11-05,,,166.0,169566.0,,,43491.0,50200147.0,22633.0,45813567.0
2021-11-06,27435.0,9513690.0,,,831.0,583747.0,,,,
2021-11-06,,,169.0,169735.0,,,36748.0,50236895.0,24500.0,45838067.0
2021-11-07,,,160.0,169895.0,,,25840.0,50262735.0,14610.0,45852677.0
2021-11-07,30586.0,9544276.0,,,889.0,584636.0,,,,
2021-11-08,44127.0,9588403.0,,,1015.0,585651.0,,,,
2021-11-08,,,160.0,170055.0,,,33559.0,50296294.0,20361.0,45873038.0
2021-11-09,,,156.0,170211.0,,,39836.0,50336130.0,21199.0,45894237.0
2021-11-09,42246.0,9630649.0,,,996.0,586647.0,,,,
2021-11-10,42940.0,9673589.0,,,989.0,587636.0,,,,
2021-11-10,,,168.0,170379.0,,,119188.0,50455318.0,47766.0,45942003.0
2021-11-11,,,156.0,170535.0,,,36383.0,50491701.0,22485.0,45964488.0
2021-11-11,40998.0,9714587.0,,,965.0,588601.0,,,,
2021-11-12,,,143.0,170678.0,,,34338.0,50526039.0,22048.0,45986536.0
2021-11-12,37764.0,9752351.0,,,892.0,589493.0,,,,
2021-11-13,32883.0,9785234.0,,,778.0,590271.0,,,,
2021-11-13,,,151.0,170829.0,,,33527.0,50559566.0,24325.0,46010861.0
2021-11-14,,,132.0,170961.0,,,22938.0,50582504.0,17048.0,46027909.0
2021-11-14,35530.0,9820764.0,,,808.0,591079.0,,,,
2021-11-15,50948.0,9871712.0,,,839.0,591918.0,,,,
2021-11-15,,,169.0,171130.0,,,32046.0,50614550.0,18055.0,46045964.0
2021-11-16,,,165.0,171295.0,,,31431.0,50645981.0,19874.0,46065838.0
2021-11-16,46430.0,9918142.0,,,905.0,592823.0,,,,
2021-11-17,,,126.0,171421.0,,,33092.0,50679073.0,22120.0,46087958.0
2021-11-17,45894.0,9964036.0,,,867.0,593690.0,,,,
2021-11-18,,,129.0,171550.0,,,28880.0,50707953.0,20650.0,46108608.0
2021-11-18,44061.0,10008097.0,,,843.0,594533.0,,,,
2021-11-19,39607.0,10047704.0,,,777.0,595310.0,,,,
2021-11-19,,,139.0,171689.0,,,27084.0,50735037.0,21607.0,46130215.0
2021-11-20,35335.0,10083039.0,,,736.0,596046.0,,,,
2021-11-20,,,143.0,171832.0,,,26013.0,50761050.0,24193.0,46154408.0
2021-11-21,37252.0,10120291.0,,,757.0,596803.0,,,,
2021-11-21,,,120.0,171952.0,,,16424.0,50777474.0,13892.0,46168300.0
2021-11-22,50732.0,10171023.0,,,743.0,597546.0,,,,
2021-11-22,,,130.0,172082.0,,,23258.0,50800732.0,18517.0,46186817.0
2021-11-23,48196.0,10219219.0,,,786.0,598332.0,,,,
2021-11-23,,,149.0,172231.0,,,26822.0,50827554.0,22002.0,46208819.0
2021-11-24,,,123.0,172354.0,,,24579.0,50852133.0,23439.0,46232258.0
2021-11-24,46770.0,10265989.0,,,910.0,599242.0,,,,
2021-11-25,,,141.0,172495.0,,,23579.0,50875712.0,22823.0,46255081.0
2021-11-25,43424.0,10309413.0,,,776.0,600018.0,,,,
2021-11-26,,,132.0,172627.0,,,20314.0,50896026.0,23665.0,46278746.0
2021-11-26,39329.0,10348742.0,,,734.0,600752.0,,,,
2021-11-27,33300.0,10382042.0,,,717.0,601469.0,,,,
2021-11-27,,,123.0,172750.0,,,23808.0,50919834.0,32866.0,46311612.0
2021-11-28,39704.0,10421746.0,,,715.0,602184.0,,,,
2021-11-28,,,143.0,172893.0,,,21493.0,50941327.0,29445.0,46341057.0
2021-11-29,,,144.0,173037.0,,,22391.0,50963718.0,26092.0,46367149.0
2021-11-29,56290.0,10478036.0,,,808.0,602992.0,,,,
2021-11-30,55694.0,10533730.0,,,841.0,603833.0,,,,
2021-11-30,,,121.0,173158.0,,,30539.0,50994257.0,32157.0,46399306.0
2021-12-01,54820.0,10588550.0,,,828.0,604661.0,,,,
2021-12-01,,,137.0,173295.0,,,26028.0,51020285.0,32356.0,46431662.0
2021-12-02,50320.0,10638870.0,,,840.0,605501.0,,,,
2021-12-02,,,123.0,173418.0,,,25848.0,51046133.0,30976.0,46462638.0
2021-12-03,45667.0,10684537.0,,,736.0,606237.0,,,,
2021-12-03,,,147.0,173565.0,,,23264.0,51069397.0,29811.0,46492449.0
2021-12-04,38782.0,10723319.0,,,752.0,606989.0,,,,
2021-12-04,,,162.0,173727.0,,,26914.0,51096311.0,37798.0,46530247.0
2021-12-05,41043.0,10764362.0,,,845.0,607834.0,,,,
2021-12-05,,,116.0,173843.0,,,21955.0,51118266.0,27166.0,46557413.0
2021-12-06,,,143.0,173986.0,,,19979.0,51138245.0,25012.0,46582425.0
2021-12-06,59690.0,10824052.0,,,871.0,608705.0,,,,
2021-12-07,,,129.0,174115.0,,,23512.0,51161757.0,28375.0,46610800.0
2021-12-07,56252.0,10880304.0,,,946.0,609651.0,,,,
2021-12-08,,,131.0,174246.0,,,21700.0,51183457.0,29437.0,46640237.0
2021-12-08,58823.0,10939127.0,,,888.0,610539.0,,,,
2021-12-09,56993.0,10996120.0,,,953.0,611492.0,,,,
2021-12-09,,,132.0,174378.0,,,24039.0,51207496.0,33824.0,46674061.0
2021-12-10,52490.0,11048610.0,,,831.0,612323.0,,,,
2021-12-10,,,121.0,174499.0,,,22063.0,51229559.0,31962.0,46706023.0
2021-12-11,,,109.0,174608.0,,,26291.0,51255850.0,38984.0,46745007.0
2021-12-11,48594.0,11097204.0,,,793.0,613116.0,,,,
2021-12-12,53156.0,11150360.0,,,868.0,613984.0,,,,
2021-12-12,,,135.0,174743.0,,,23317.0,51279167.0,30195.0,46775202.0
2021-12-13,,,111.0,174854.0,,,19671.0,51298838.0,29407.0,46804609.0
2021-12-13,87170.0,11237530.0,,,929.0,614913.0,,,,
2021-12-14,102782.0,11340312.0,,,956.0,615869.0,,,,
2021-12-14,,,152.0,175006.0,,,34082.0,51332920.0,37888.0,46842497.0
2021-12-15,,,119.0,175125.0,,,28067.0,51360987.0,38794.0,46881291.0
2021-12-15,112700.0,11453012.0,,,954.0,616823.0,,,,
2021-12-16,,,116.0,175241.0,,,32677.0,51393664.0,42497.0,46923788.0
2021-12-16,106046.0,11559058.0,,,924.0,617747.0,,,,
2021-12-17,95877.0,11654935.0,,,881.0,618628.0,,,,
2021-12-17,,,130.0,175371.0,,,32890.0,51426554.0,42286.0,46966074.0
2021-12-18,,,106.0,175477.0,,,38329.0,51464883.0,45898.0,47011972.0
2021-12-18,88883.0,11743818.0,,,840.0,619468.0,,,,
2021-12-19,,,116.0,175593.0,,,33151.0,51498034.0,39904.0,47051876.0
2021-12-19,89129.0,11832947.0,,,1018.0,620486.0,,,,
2021-12-20,,,135.0,175728.0,,,39793.0,51537827.0,50938.0,47102814.0
2021-12-20,133966.0,11966913.0,,,1224.0,621710.0,,,,
2021-12-21,150292.0,12117205.0,,,1264.0,622974.0,,,,
2021-12-21,,,110.0,175838.0,,,39955.0,51577782.0,54085.0,47156899.0
2021-12-22,161559.0,12278764.0,,,1417.0,624391.0,,,,
2021-12-22,,,134.0,175972.0,,,39309.0,51617091.0,53154.0,47210053.0
2021-12-23,,,135.0,176107.0,,,32605.0,51649696.0,44046.0,47254099.0
2021-12-23,160632.0,12439396.0,,,1405.0,625796.0,,,,
2021-12-24,,,116.0,176223.0,,,10770.0,51660466.0,13968.0,47268067.0
2021-12-24,137268.0,12576664.0,,,1205.0,627001.0,,,,
2021-12-25,,,113.0,176336.0,,,955.0,51661421.0,917.0,47268984.0
2021-12-25,70361.0,12647025.0,,,1420.0,628421.0,,,,
2021-12-26,116276.0,12763301.0,,,1548.0,629969.0,,,,
2021-12-26,,,114.0,176450.0,,,1935.0,51663356.0,2084.0,47271068.0
2021-12-27,,,131.0,176581.0,,,18191.0,51681547.0,23706.0,47294774.0
2021-12-27,195006.0,12958307.0,,,1974.0,631943.0,,,,
2021-12-28,212462.0,13170769.0,,,2315.0,634258.0,,,,
2021-12-28,,,160.0,176741.0,,,23859.0,51705406.0,29534.0,47324308.0
2021-12-29,,,128.0,176869.0,,,32607.0,51738013.0,43766.0,47368074.0
2021-12-29,272788.0,13443557.0,,,2637.0,636895.0,,,,
2021-12-30,236573.0,13680130.0,,,2404.0,639299.0,,,,
2021-12-30,,,175.0,177044.0,,,33371.0,51771384.0,44107.0,47412181.0
2021-12-31,188563.0,13868693.0,,,2108.0,641407.0,,,,
2021-12-31,,,154.0,177198.0,,,15384.0,51786768.0,22070.0,47434251.0
2022-01-01,,,172.0,177370.0,,,2277.0,51789045.0,2758.0,47437009.0
2022-01-01,118213.0,13986906.0,,,2077.0,643484.0,,,,
2022-01-02,181069.0,14167975.0,,,2118.0,645602.0,,,,
2022-01-02,,,168.0,177538.0,,,12449.0,51801494.0,16485.0,47453494.0
2022-01-03,229899.0,14397874.0,,,2479.0,648081.0,,,,
2022-01-03,,,175.0,177713.0,,,19158.0,51820652.0,29295.0,47482789.0
2022-01-04,275648.0,14673522.0,,,2401.0,650482.0,,,,
2022-01-04,,,197.0,177910.0,,,24866.0,51845518.0,40887.0,47523676.0
2022-01-05,,,177.0,178087.0,,,29030.0,51874548.0,41664.0,47565340.0
2022-01-05,222160.0,14895682.0,,,2407.0,652889.0,,,,
2022-01-06,,,216.0,178303.0,,,22741.0,51897289.0,34688.0,47600028.0
2022-01-06,172980.0,15068662.0,,,2344.0,655233.0,,,,
2022-01-07,120288.0,15188950.0,,,2047.0,657280.0,,,,
2022-01-07,,,223.0,178526.0,,,23422.0,51920711.0,35627.0,47635655.0
2022-01-08,,,212.0,178738.0,,,31689.0,51952400.0,51715.0,47687370.0
2022-01-08,93615.0,15282565.0,,,2099.0,659379.0,,,,
2022-01-09,,,240.0,178978.0,,,22205.0,51974605.0,31360.0,47718730.0
2022-01-09,95788.0,15378353.0,,,2217.0,661596.0,,,,
2022-01-10,,,240.0,179218.0,,,17954.0,51992559.0,26728.0,47745458.0
2022-01-10,132831.0,15511184.0,,,2460.0,664056.0,,,,
2022-01-11,115234.0,15626418.0,,,2421.0,666477.0,,,,
2022-01-11,,,232.0,179450.0,,,19276.0,52011835.0,28790.0,47774248.0
2022-01-12,103215.0,15729633.0,,,2204.0,668681.0,,,,
2022-01-12,,,236.0,179686.0,,,19520.0,52031355.0,30340.0,47804588.0
2022-01-13,,,236.0,179922.0,,,20521.0,52051876.0,32197.0,47836785.0
2022-01-13,96412.0,15826045.0,,,2167.0,670848.0,,,,
2022-01-14,86323.0,15912368.0,,,1941.0,672789.0,,,,
2022-01-14,,,232.0,180154.0,,,20878.0,52072754.0,31182.0,47867967.0
2022-01-15,,,256.0,180410.0,,,27409.0,52100163.0,58050.0,47926017.0
2022-01-15,77946.0,15990314.0,,,1789.0,674578.0,,,,
2022-01-16,,,250.0,180660.0,,,17700.0,52117863.0,37116.0,47963133.0
2022-01-16,98095.0,16088409.0,,,1942.0,676520.0,,,,
2022-01-17,,,229.0,180889.0,,,15748.0,52133611.0,26502.0,47989635.0
2022-01-17,131513.0,16219922.0,,,2026.0,678546.0,,,,
2022-01-18,,,229.0,181118.0,,,18032.0,52151643.0,29434.0,48019069.0
2022-01-18,118759.0,16338681.0,,,2015.0,680561.0,,,,
2022-01-19,,,217.0,181335.0,,,16949.0,52168592.0,29893.0,48048962.0
2022-01-19,111759.0,16450440.0,,,1991.0,682552.0,,,,
2022-01-20,,,199.0,181534.0,,,17806.0,52186398.0,33674.0,48082636.0
2022-01-20,100322.0,16550762.0,,,1912.0,684464.0,,,,
2022-01-21,91572.0,16642334.0,,,1676.0,686140.0,,,,
2022-01-21,,,246.0,181780.0,,,17532.0,52203930.0,34034.0,48116670.0
2022-01-22,,,218.0,181998.0,,,20378.0,52224308.0,47765.0,48164435.0
2022-01-22,81730.0,16724064.0,,,1439.0,687579.0,,,,
2022-01-23,102365.0,16826429.0,,,1689.0,689268.0,,,,
2022-01-23,,,218.0,182216.0,,,12266.0,52236574.0,30710.0,48195145.0
2022-01-24,,,221.0,182437.0,,,16005.0,52252579.0,29833.0,48224978.0
2022-01-24,127362.0,16953791.0,,,1785.0,691053.0,,,,
2022-01-25,,,194.0,182631.0,,,13936.0,52266515.0,28788.0,48253766.0
2022-01-25,113202.0,17066993.0,,,1901.0,692954.0,,,,
2022-01-26,,,195.0,182826.0,,,15358.0,52281873.0,30919.0,48284685.0
2022-01-26,108667.0,17175660.0,,,1882.0,694836.0,,,,
2022-01-27,96199.0,17271859.0,,,1684.0,696520.0,,,,
2022-01-27,,,212.0,183038.0,,,15706.0,52297579.0,29948.0,48314633.0
2022-01-28,,,199.0,183237.0,,,16949.0,52314528.0,33935.0,48348568.0
2022-01-28,84025.0,17355884.0,,,1529.0,698049.0,,,,
2022-01-29,73505.0,17429389.0,,,1451.0,699500.0,,,,
2022-01-29,,,180.0,183417.0,,,18946.0,52333474.0,40329.0,48388897.0
2022-01-30,,,188.0,183605.0,,,11684.0,52345158.0,27601.0,48416498.0
2022-01-30,87563.0,17516952.0,,,1426.0,700926.0,,,,
2022-01-31,,,202.0,183807.0,,,15329.0,52360487.0,24275.0,48440773.0
2022-01-31,104957.0,17621909.0,,,1662.0,702588.0,,,,
2022-02-01,,,200.0,184007.0,,,12735.0,52373222.0,26367.0,48467140.0
2022-02-01,93774.0,17715683.0,,,1771.0,704359.0,,,,
2022-02-02,88415.0,17804098.0,,,1662.0,706021.0,,,,
2022-02-02,,,182.0,184189.0,,,12466.0,52385688.0,27274.0,48494414.0
2022-02-03,76641.0,17880739.0,,,1495.0,707516.0,,,,
2022-02-03,,,189.0,184378.0,,,13343.0,52399031.0,26099.0,48520513.0
2022-02-04,63186.0,17943925.0,,,1421.0,708937.0,,,,
2022-02-04,,,157.0,184535.0,,,15151.0,52414182.0,29181.0,48549694.0
2022-02-05,52302.0,17996227.0,,,1247.0,710184.0,,,,
2022-02-05,,,167.0,184702.0,,,14794.0,52428976.0,28195.0,48577889.0
2022-02-06,60540.0,18056767.0,,,1351.0,711535.0,,,,
2022-02-06,,,155.0,184857.0,,,8321.0,52437297.0,16605.0,48594494.0
2022-02-07,76476.0,18133243.0,,,1435.0,712970.0,,,,
2022-02-07,,,137.0,184994.0,,,10106.0,52447403.0,22861.0,48617355.0
2022-02-08,69652.0,18202895.0,,,1478.0,714448.0,,,,
2022-02-08,,,158.0,185152.0,,,10804.0,52458207.0,24721.0,48642076.0
2022-02-09,64330.0,18267225.0,,,1426.0,715874.0,,,,
2022-02-09,,,142.0,185294.0,,,10523.0,52468730.0,24725.0,48666801.0
2022-02-10,52292.0,18319517.0,,,1346.0,717220.0,,,,
2022-02-10,,,122.0,185416.0,,,11614.0,52480344.0,26290.0,48693091.0
2022-02-11,44558.0,18364075.0,,,1188.0,718408.0,,,,
2022-02-11,,,141.0,185557.0,,,11075.0,52491419.0,25884.0,48718975.0
2022-02-12,,,143.0,185700.0,,,15181.0,52506600.0,26309.0,48745284.0
2022-02-12,37433.0,18401508.0,,,1148.0,719556.0,,,,
2022-02-13,,,126.0,185826.0,,,7494.0,52514094.0,13623.0,48758907.0
2022-02-13,41750.0,18443258.0,,,1187.0,720743.0,,,,
2022-02-14,54743.0,18498001.0,,,1352.0,722095.0,,,,
2022-02-14,,,153.0,185979.0,,,8107.0,52522201.0,18172.0,48777079.0
2022-02-15,52496.0,18550497.0,,,1371.0,723466.0,,,,
2022-02-15,,,131.0,186110.0,,,9091.0,52531292.0,19482.0,48796561.0
2022-02-16,51568.0,18602065.0,,,1374.0,724840.0,,,,
2022-02-16,,,127.0,186237.0,,,10914.0,52542206.0,21914.0,48818475.0
2022-02-17,,,124.0,186361.0,,,9254.0,52551460.0,21378.0,48839853.0
2022-02-17,44715.0,18646780.0,,,1186.0,726026.0,,,,
2022-02-18,,,126.0,186487.0,,,5886.0,52557346.0,14700.0,48854553.0
2022-02-18,33238.0,18680018.0,,,1101.0,727127.0,,,,
2022-02-19,34648.0,18714666.0,,,1014.0,728141.0,,,,
2022-02-19,,,121.0,186608.0,,,10773.0,52568119.0,20776.0,48875329.0
2022-02-20,,,123.0,186731.0,,,5470.0,52573589.0,10564.0,48885893.0
2022-02-20,37715.0,18752381.0,,,1137.0,729278.0,,,,
2022-02-21,,,106.0,186837.0,,,7411.0,52581000.0,16008.0,48901901.0
2022-02-21,45124.0,18797505.0,,,1243.0,730521.0,,,,
2022-02-22,39183.0,18836688.0,,,1178.0,731699.0,,,,
2022-02-22,,,117.0,186954.0,,,8291.0,52589291.0,17904.0,48919805.0
2022-02-23,36476.0,18873164.0,,,1243.0,732942.0,,,,
2022-02-23,,,117.0,187071.0,,,8985.0,52598276.0,17951.0,48937756.0
2022-02-24,30631.0,18903795.0,,,1225.0,734167.0,,,,
2022-02-24,,,124.0,187195.0,,,7963.0,52606239.0,15838.0,48953594.0
2022-02-25,27841.0,18931636.0,,,1109.0,735276.0,,,,
2022-02-25,,,120.0,187315.0,,,8109.0,52614348.0,16370.0,48969964.0
2022-02-26,25096.0,18956732.0,,,1084.0,736360.0,,,,
2022-02-26,,,100.0,187415.0,,,9471.0,52623819.0,19652.0,48989616.0
2022-02-27,31364.0,18988096.0,,,1101.0,737461.0,,,,
2022-02-27,,,117.0,187532.0,,,4841.0,52628660.0,10606.0,49000222.0
2022-02-28,44640.0,19032736.0,,,1401.0,738862.0,,,,
2022-02-28,,,105.0,187637.0,,,5788.0,52634448.0,14302.0,49014524.0
2022-03-01,44793.0,19077529.0,,,1366.0,740228.0,,,,
2022-03-01,,,106.0,187743.0,,,5810.0,52640258.0,15004.0,49029528.0
2022-03-02,46170.0,19123699.0,,,1458.0,741686.0,,,,
2022-03-02,,,145.0,187888.0,,,7448.0,52647706.0,14410.0,49043938.0
2022-03-03,,,100.0,187988.0,,,6347.0,52654053.0,17629.0,49061567.0
2022-03-03,43760.0,19167459.0,,,1477.0,743163.0,,,,
2022-03-04,,,110.0,188098.0,,,6688.0,52660741.0,16561.0,49078128.0
2022-03-04,41406.0,19208865.0,,,1371.0,744534.0,,,,
2022-03-05,38755.0,19247620.0,,,1246.0,745780.0,,,,
2022-03-05,,,101.0,188199.0,,,8168.0,52668909.0,18808.0,49096936.0
2022-03-06,49029.0,19296649.0,,,1456.0,747236.0,,,,
2022-03-06,,,92.0,188291.0,,,4059.0,52672968.0,9894.0,49106830.0
2022-03-07,,,124.0,188415.0,,,4596.0,52677564.0,13522.0,49120352.0
2022-03-07,68546.0,19365195.0,,,1532.0,748768.0,,,,
2022-03-08,,,117.0,188532.0,,,4564.0,52682128.0,14655.0,49135007.0
2022-03-08,70129.0,19435324.0,,,1698.0,750466.0,,,,
2022-03-09,,,105.0,188637.0,,,5196.0,52687324.0,15331.0,49150338.0
2022-03-09,73555.0,19508879.0,,,1834.0,752300.0,,,,
2022-03-10,70530.0,19579409.0,,,1719.0,754019.0,,,,
2022-03-10,,,113.0,188750.0,,,4765.0,52692089.0,14282.0,49164620.0
2022-03-11,,,121.0,188871.0,,,4438.0,52696527.0,14366.0,49178986.0
2022-03-11,67060.0,19646469.0,,,1736.0,755755.0,,,,
2022-03-12,62078.0,19708547.0,,,1629.0,757384.0,,,,
2022-03-12,,,118.0,188989.0,,,8047.0,52704574.0,19735.0,49198721.0
2022-03-13,75753.0,19784300.0,,,1829.0,759213.0,,,,
2022-03-13,,,108.0,189097.0,,,3851.0,52708425.0,10520.0,49209241.0
2022-03-14,,,137.0,189234.0,,,4763.0,52713188.0,16929.0,49226170.0
2022-03-14,99866.0,19884166.0,,,1991.0,761204.0,,,,
2022-03-15,,,120.0,189354.0,,,4262.0,52717450.0,14579.0,49240749.0
2022-03-15,93702.0,19977868.0,,,2149.0,763353.0,,,,
2022-03-16,91795.0,20069663.0,,,2138.0,765491.0,,,,
2022-03-16,,,143.0,189497.0,,,4009.0,52721459.0,14046.0,49254795.0
2022-03-17,,,138.0,189635.0,,,4201.0,52725660.0,14729.0,49269524.0
2022-03-17,82884.0,20152547.0,,,2086.0,767577.0,,,,
2022-03-18,,,167.0,189802.0,,,4343.0,52730003.0,14641.0,49284165.0
2022-03-18,75305.0,20227852.0,,,1964.0,769541.0,,,,
2022-03-19,,,163.0,189965.0,,,10237.0,52740240.0,19104.0,49303269.0
2022-03-19,67435.0,20295287.0,,,2061.0,771602.0,,,,
2022-03-20,,,167.0,190132.0,,,7006.0,52747246.0,9708.0,49312977.0
2022-03-20,81076.0,20376363.0,,,2037.0,773639.0,,,,
2022-03-21,109325.0,20485688.0,,,2282.0,775921.0,,,,
2022-03-21,,,157.0,190289.0,,,4505.0,52751751.0,12060.0,49325037.0
2022-03-22,99132.0,20584820.0,,,2431.0,778352.0,,,,
2022-03-22,,,162.0,190451.0,,,4631.0,52756382.0,11840.0,49336877.0
2022-03-23,,,155.0,190606.0,,,0.0,52754119.0,4283.0,49341160.0
2022-03-23,94211.0,20679031.0,,,2500.0,780852.0,,,,
2022-03-24,,,159.0,190765.0,,,5094.0,52759213.0,11725.0,49352885.0
2022-03-24,82926.0,20761957.0,,,2359.0,783211.0,,,,
2022-03-25,,,176.0,190941.0,,,5686.0,52764899.0,13326.0,49366211.0
2022-03-25,72454.0,20834411.0,,,2246.0,785457.0,,,,
2022-03-26,61460.0,20895871.0,,,2137.0,787594.0,,,,
2022-03-26,,,160.0,191101.0,,,10716.0,52775615.0,18803.0,49385014.0
2022-03-27,,,156.0,191257.0,,,7627.0,52783242.0,8042.0,49393056.0
2022-03-27,68348.0,20964219.0,,,2248.0,789842.0,,,,
2022-03-28,,,174.0,191431.0,,,4823.0,52788065.0,10970.0,49404026.0
2022-03-28,92915.0,21057134.0,,,2559.0,792401.0,,,,
2022-03-29,,,189.0,191620.0,,,4865.0,52792930.0,11424.0,49415450.0
2022-03-29,80166.0,21137300.0,,,2562.0,794963.0,,,,
2022-03-30,73681.0,21210981.0,,,2689.0,797652.0,,,,
2022-03-30,,,178.0,191798.0,,,5513.0,52798443.0,12584.0,49428034.0
2022-03-31,54808.0,21265789.0,,,2430.0,800082.0,,,,
2022-03-31,,,185.0,191983.0,,,5035.0,52803478.0,12548.0,49440582.0
2022-04-01,47494.0,21313283.0,,,2147.0,802229.0,,,,
2022-04-01,,,202.0,192185.0,,,4992.0,52808470.0,11708.0,49452290.0
2022-04-02,37601.0,21350884.0,,,2084.0,804313.0,,,,
2022-04-02,,,187.0,192372.0,,,10890.0,52819360.0,16918.0,49469208.0
2022-04-03,,,182.0,192554.0,,,7500.0,52826860.0,9079.0,49478287.0
2022-04-03,42191.0,21393075.0,,,2303.0,806616.0,,,,
2022-04-04,53760.0,21446835.0,,,2457.0,809073.0,,,,
2022-04-04,,,172.0,192726.0,,,11137.0,52837997.0,10355.0,49488642.0
2022-04-05,49096.0,21495931.0,,,2595.0,811668.0,,,,
2022-04-05,,,198.0,192924.0,,,11373.0,52849370.0,9877.0,49498519.0
2022-04-06,,,192.0,193116.0,,,12369.0,52861739.0,10590.0,49509109.0
2022-04-06,44742.0,21540673.0,,,2440.0,814108.0,,,,
2022-04-07,38703.0,21579376.0,,,2267.0,816375.0,,,,
2022-04-07,,,223.0,193339.0,,,11340.0,52873079.0,11097.0,49520206.0
2022-04-08,,,235.0,193574.0,,,12200.0,52885279.0,11673.0,49531879.0
2022-04-08,32980.0,21612356.0,,,2000.0,818375.0,,,,
2022-04-09,27877.0,21640233.0,,,1906.0,820281.0,,,,
2022-04-09,,,167.0,193741.0,,,25179.0,52910458.0,15933.0,49547812.0
2022-04-10,30946.0,21671179.0,,,1995.0,822276.0,,,,
2022-04-10,,,193.0,193934.0,,,15276.0,52925734.0,8900.0,49556712.0
2022-04-11,,,179.0,194113.0,,,15946.0,52941680.0,11969.0,49568681.0
2022-04-11,37367.0,21708546.0,,,2116.0,824392.0,,,,
2022-04-12,,,192.0,194305.0,,,17501.0,52959181.0,11541.0,49580222.0
2022-04-12,33767.0,21742313.0,,,2247.0,826639.0,,,,
2022-04-13,,,216.0,194521.0,,,19404.0,52978585.0,12621.0,49592843.0
2022-04-13,31684.0,21773997.0,,,2117.0,828756.0,,,,
2022-04-14,,,190.0,194711.0,,,22841.0,53001426.0,13397.0,49606240.0
2022-04-14,26638.0,21800635.0,,,1902.0,830658.0,,,,
2022-04-15,,,166.0,194877.0,,,11444.0,53012870.0,5516.0,49611756.0
2022-04-15,21610.0,21822245.0,,,1648.0,832306.0,,,,
2022-04-16,,,163.0,195040.0,,,18165.0,53031035.0,11301.0,49623057.0
2022-04-16,19917.0,21842162.0,,,1449.0,833755.0,,,,
2022-04-17,20144.0,21862306.0,,,1492.0,835247.0,,,,
2022-04-17,,,159.0,195199.0,,,4823.0,53035858.0,2643.0,49625700.0
2022-04-18,25213.0,21887519.0,,,1666.0,836913.0,,,,
2022-04-18,,,168.0,195367.0,,,6040.0,53041898.0,3541.0,49629241.0
2022-04-19,25764.0,21913283.0,,,1625.0,838538.0,,,,
2022-04-19,,,154.0,195521.0,,,15137.0,53057035.0,11105.0,49640346.0
2022-04-20,,,156.0,195677.0,,,14416.0,53071451.0,10974.0,49651320.0
2022-04-20,21445.0,21934728.0,,,1508.0,840046.0,,,,
2022-04-21,18460.0,21953188.0,,,1439.0,841485.0,,,,
2022-04-21,,,157.0,195834.0,,,17230.0,53088681.0,10706.0,49662026.0
2022-04-22,15695.0,21968883.0,,,1366.0,842851.0,,,,
2022-04-22,,,146.0,195980.0,,,15821.0,53104502.0,10316.0,49672342.0
2022-04-23,13205.0,21982088.0,,,1206.0,844057.0,,,,
2022-04-23,,,142.0,196122.0,,,31918.0,53136420.0,16861.0,49689203.0
2022-04-24,14716.0,21996804.0,,,1190.0,845247.0,,,,
2022-04-24,,,128.0,196250.0,,,15624.0,53152044.0,8241.0,49697444.0
2022-04-25,17121.0,22013925.0,,,1280.0,846527.0,,,,
2022-04-25,,,126.0,196376.0,,,8959.0,53161003.0,7976.0,49705420.0
2022-04-26,,,120.0,196496.0,,,9541.0,53170544.0,8424.0,49713844.0
2022-04-26,14560.0,22028485.0,,,1258.0,847785.0,,,,
2022-04-27,,,128.0,196624.0,,,9609.0,53180153.0,8324.0,49722168.0
2022-04-27,13047.0,22041532.0,,,1232.0,849017.0,,,,
2022-04-28,11599.0,22053131.0,,,1078.0,850095.0,,,,
2022-04-28,,,127.0,196751.0,,,11079.0,53191232.0,9624.0,49731792.0
2022-04-29,10005.0,22063136.0,,,1005.0,851100.0,,,,
2022-04-29,,,104.0,196855.0,,,11491.0,53202723.0,9533.0,49741325.0
2022-04-30,8355.0,22071491.0,,,831.0,851931.0,,,,
2022-04-30,,,105.0,196960.0,,,27465.0,53230188.0,15009.0,49756334.0
2022-05-01,9026.0,22080517.0,,,910.0,852841.0,,,,
2022-05-01,,,109.0,197069.0,,,12021.0,53242209.0,6142.0,49762476.0
2022-05-02,11886.0,22092403.0,,,950.0,853791.0,,,,
2022-05-02,,,105.0,197174.0,,,5636.0,53247845.0,2693.0,49765169.0
2022-05-03,13308.0,22105711.0,,,1027.0,854818.0,,,,
2022-05-03,,,102.0,197276.0,,,7587.0,53255432.0,6536.0,49771705.0
2022-05-04,,,88.0,197364.0,,,9080.0,53264512.0,8684.0,49780389.0
2022-05-04,11663.0,22117374.0,,,1011.0,855829.0,,,,
2022-05-05,,,83.0,197447.0,,,8238.0,53272750.0,7997.0,49788386.0
2022-05-05,10209.0,22127583.0,,,877.0,856706.0,,,,
2022-05-06,8940.0,22136523.0,,,829.0,857535.0,,,,
2022-05-06,,,91.0,197538.0,,,9588.0,53282338.0,9434.0,49797820.0
2022-05-07,,,97.0,197635.0,,,24460.0,53306798.0,15741.0,49813561.0
2022-05-07,7516.0,22144039.0,,,710.0,858245.0,,,,
2022-05-08,9059.0,22153098.0,,,759.0,859004.0,,,,
2022-05-08,,,80.0,197715.0,,,10662.0,53317460.0,7490.0,49821051.0
2022-05-09,10693.0,22163791.0,,,856.0,859860.0,,,,
2022-05-09,,,79.0,197794.0,,,5910.0,53323370.0,7601.0,49828652.0
2022-05-10,9742.0,22173533.0,,,873.0,860733.0,,,,
2022-05-10,,,93.0,197887.0,,,7224.0,53330594.0,7909.0,49836561.0
2022-05-11,,,77.0,197964.0,,,6801.0,53337395.0,8001.0,49844562.0
2022-05-11,8720.0,22182253.0,,,784.0,861517.0,,,,
2022-05-12,7633.0,22189886.0,,,795.0,862312.0,,,,
2022-05-12,,,65.0,198029.0,,,7488.0,53344883.0,7531.0,49852093.0
2022-05-13,,,68.0,198097.0,,,7513.0,53352396.0,7150.0,49859243.0
2022-05-13,6934.0,22196820.0,,,640.0,862952.0,,,,
2022-05-14,,,63.0,198160.0,,,20462.0,53372858.0,12824.0,49872067.0
2022-05-14,6116.0,22202936.0,,,621.0,863573.0,,,,
2022-05-15,,,69.0,198229.0,,,10090.0,53382948.0,5709.0,49877776.0
2022-05-15,7969.0,22210905.0,,,639.0,864212.0,,,,
2022-05-16,,,63.0,198292.0,,,4774.0,53387722.0,5601.0,49883377.0
2022-05-16,9416.0,22220321.0,,,696.0,864908.0,,,,
2022-05-17,,,71.0,198363.0,,,5431.0,53393153.0,5921.0,49889298.0
2022-05-17,8283.0,22228604.0,,,680.0,865588.0,,,,
2022-05-18,7634.0,22236238.0,,,731.0,866319.0,,,,
2022-05-18,,,45.0,198408.0,,,5365.0,53398518.0,5956.0,49895254.0
2022-05-19,6818.0,22243056.0,,,660.0,866979.0,,,,
2022-05-19,,,44.0,198452.0,,,8931.0,53407449.0,8074.0,49903328.0
2022-05-20,,,69.0,198521.0,,,6503.0,53413952.0,6514.0,49909842.0
2022-05-20,,,,,539.0,867518.0,,,,
2022-05-21,,,48.0,198569.0,,,16176.0,53430128.0,11054.0,49920896.0
2022-05-21,,,,,460.0,867978.0,,,,
2022-05-22,,,56.0,198625.0,,,6519.0,53436647.0,4621.0,49925517.0
2022-05-22,,,,,542.0,868520.0,,,,
2022-05-23,,,61.0,198686.0,,,3323.0,53439970.0,4629.0,49930146.0
2022-05-23,,,,,601.0,869121.0,,,,
2022-05-24,,,49.0,198735.0,,,4746.0,53444716.0,4867.0,49935013.0
2022-05-24,,,,,595.0,869716.0,,,,
2022-05-25,,,33.0,198768.0,,,386.0,53445102.0,3072.0,49938085.0
2022-05-25,,,,,604.0,870320.0,,,,
2022-05-26,,,,,514.0,870834.0,,,,
2022-05-26,,,42.0,198810.0,,,3608.0,53448710.0,25392.0,49963477.0
2022-05-27,,,42.0,198852.0,,,5192.0,53453902.0,6356.0,49969833.0
2022-05-27,,,,,538.0,871372.0,,,,
2022-05-28,,,33.0,198885.0,,,12568.0,53466470.0,11504.0,49981337.0
2022-05-28,,,,,467.0,871839.0,,,,
2022-05-29,,,25.0,198910.0,,,6018.0,53472488.0,5496.0,49986833.0
2022-05-29,,,,,532.0,872371.0,,,,
2022-05-30,,,,,587.0,872958.0,,,,
2022-05-30,,,49.0,198959.0,,,6769.0,53479257.0,8051.0,49994884.0
2022-05-31,,,,,602.0,873560.0,,,,
2022-05-31,,,47.0,199006.0,,,7650.0,53486907.0,8775.0,50003659.0
2022-06-01,,,,,598.0,874158.0,,,,
2022-06-01,,,26.0,199032.0,,,6970.0,53493877.0,8628.0,50012287.0
2022-06-02,,,46.0,199078.0,,,2266.0,53496143.0,2390.0,50014677.0
2022-06-02,,,,,536.0,874694.0,,,,
2022-06-03,,,,,508.0,875202.0,,,,
2022-06-03,,,26.0,199104.0,,,1033.0,53497176.0,1177.0,50015854.0
2022-06-04,,,,,537.0,875739.0,,,,
2022-06-04,,,36.0,199140.0,,,5621.0,53502797.0,6472.0,50022326.0
2022-06-05,,,30.0,199170.0,,,2628.0,53505425.0,3306.0,50025632.0
2022-06-05,,,,,649.0,876388.0,,,,
2022-06-06,,,,,750.0,877138.0,,,,
2022-06-06,,,39.0,199209.0,,,2828.0,53508253.0,4844.0,50030476.0
2022-06-07,,,,,734.0,877872.0,,,,
2022-06-07,,,30.0,199239.0,,,3335.0,53511588.0,4831.0,50035307.0
2022-06-08,,,39.0,199278.0,,,4891.0,53516479.0,5960.0,50041267.0
2022-06-08,,,,,819.0,878691.0,,,,
2022-06-09,,,26.0,199304.0,,,3561.0,53520040.0,5212.0,50046479.0
2022-06-09,,,,,791.0,879482.0,,,,
2022-06-10,,,41.0,199345.0,,,3571.0,53523611.0,5645.0,50052124.0
2022-06-10,,,,,759.0,880241.0,,,,
2022-06-11,,,,,704.0,880945.0,,,,
2022-06-11,,,33.0,199378.0,,,11349.0,53534960.0,11928.0,50064052.0
2022-06-12,,,,,795.0,881740.0,,,,
2022-06-12,,,42.0,199420.0,,,5010.0,53539970.0,5808.0,50069860.0
2022-06-13,,,,,896.0,882636.0,,,,
2022-06-13,,,38.0,199458.0,,,2470.0,53542440.0,4283.0,50074143.0
2022-06-14,,,,,943.0,883579.0,,,,
2022-06-14,,,35.0,199493.0,,,2177.0,53544617.0,3530.0,50077673.0
2022-06-15,,,43.0,199536.0,,,3133.0,53547750.0,4978.0,50082651.0
2022-06-15,,,,,1035.0,884614.0,,,,
2022-06-16,,,,,1007.0,885621.0,,,,
2022-06-16,,,50.0,199586.0,,,3029.0,53550779.0,5177.0,50087828.0
2022-06-17,,,,,1024.0,886645.0,,,,
2022-06-17,,,40.0,199626.0,,,3354.0,53554133.0,5076.0,50092904.0
2022-06-18,,,40.0,199666.0,,,9549.0,53563682.0,11765.0,50104669.0
2022-06-18,,,,,946.0,887591.0,,,,
2022-06-19,,,42.0,199708.0,,,4656.0,53568338.0,6633.0,50111302.0
2022-06-19,,,,,1093.0,888684.0,,,,
2022-06-20,,,,,1264.0,889948.0,,,,
2022-06-20,,,43.0,199751.0,,,2405.0,53570743.0,4997.0,50116299.0
2022-06-21,,,,,1406.0,891354.0,,,,
2022-06-21,,,49.0,199800.0,,,3353.0,53574096.0,5111.0,50121410.0
2022-06-22,,,,,1364.0,892718.0,,,,
2022-06-22,,,62.0,199862.0,,,3218.0,53577314.0,5252.0,50126662.0
2022-06-23,,,,,1463.0,894181.0,,,,
2022-06-23,,,51.0,199913.0,,,3100.0,53580414.0,5088.0,50131750.0
2022-06-24,,,40.0,199953.0,,,4029.0,53584443.0,5821.0,50137571.0
2022-06-24,,,,,1332.0,895513.0,,,,
2022-06-25,,,,,1226.0,896739.0,,,,
2022-06-25,,,58.0,200011.0,,,11549.0,53595992.0,14611.0,50152182.0
2022-06-26,,,,,1469.0,898208.0,,,,
2022-06-26,,,50.0,200061.0,,,5180.0,53601172.0,8024.0,50160206.0
2022-06-27,,,44.0,200105.0,,,2924.0,53604096.0,6870.0,50167076.0
2022-06-27,,,,,1665.0,899873.0,,,,
2022-06-28,,,,,1720.0,901593.0,,,,
2022-06-28,,,41.0,200146.0,,,3617.0,53607713.0,7204.0,50174280.0
2022-06-29,,,,,1826.0,903419.0,,,,
2022-06-29,,,47.0,200193.0,,,3125.0,53610838.0,7039.0,50181319.0
2022-06-30,,,32.0,200225.0,,,3571.0,53614409.0,7854.0,50189173.0
2022-06-30,,,,,1856.0,905275.0,,,,
2022-07-01,,,,,1542.0,906817.0,,,,
2022-07-01,,,22.0,200247.0,,,3333.0,53617742.0,8018.0,50197191.0
2022-07-02,,,,,,,8028.0,53625770.0,19954.0,50217145.0
2022-07-02,,,,,1580.0,908397.0,,,,
2022-07-03,,,,,,,3949.0,53629719.0,10635.0,50227780.0
2022-07-03,,,,,1972.0,910369.0,,,,
2022-07-04,,,,,2145.0,912514.0,,,,
2022-07-04,,,,,,,3545.0,53633264.0,8578.0,50236358.0
2022-07-05,,,,,2155.0,914669.0,,,,
2022-07-05,,,,,,,3096.0,53636360.0,8453.0,50244811.0
2022-07-06,,,,,2166.0,916835.0,,,,
2022-07-06,,,,,,,2785.0,53639145.0,8932.0,50253743.0
2022-07-07,,,,,2184.0,919019.0,,,,
